-- ============================================================
-- Ardine Mock Data Pack — Large Mixed Business Expansion
-- Generated for: 5+ new teams, 20+ new users, 30+ new projects
-- This file adds only NEW data with new IDs.
-- Run once after ardine_ddl.sql (it can coexist with prior mock files).
-- ============================================================
-- Counts added:
-- teams=5, users=24, team_memberships=29, clients=10, projects=30
-- project_members=86, project_tasks=90, task_assignees=204, time_entries=120
-- invoices=20, invoice_items=40, invoice_time_entries=40, invites=10, sessions=30

BEGIN;

-- 1. TEAMS
INSERT INTO teams (id, name, slug, billing_address) VALUES
('a4000000-0000-0000-0000-000000000001', 'BrightWave Digital', 'brightwave-digital', '{"street": "18 Rama IV Rd", "city": "Bangkok", "country": "TH", "postal_code": "10500"}'),
('a4000000-0000-0000-0000-000000000002', 'Atlas Cloud Ops', 'atlas-cloud-ops', '{"street": "88 Sathorn Rd", "city": "Bangkok", "country": "TH", "postal_code": "10120"}'),
('a4000000-0000-0000-0000-000000000003', 'MediFlow Product Lab', 'mediflow-product-lab', '{"street": "2 Ratchadaphisek Rd", "city": "Bangkok", "country": "TH", "postal_code": "10310"}'),
('a4000000-0000-0000-0000-000000000004', 'LedgerLeaf Analytics', 'ledgerleaf-analytics', '{"street": "55 Wireless Rd", "city": "Bangkok", "country": "TH", "postal_code": "10330"}'),
('a4000000-0000-0000-0000-000000000005', 'Aurora Learning Studio', 'aurora-learning-studio', '{"street": "71 Phetchaburi Rd", "city": "Bangkok", "country": "TH", "postal_code": "10400"}');

-- 2. USERS
INSERT INTO users (id, email, name, password_hash, instance_role, display_name, email_verified_at) VALUES
('b4000000-0000-0000-0000-000000000001', 'mina@brightwave.io', 'Mina Chen', '$2b$10$seededpass01', 'ADMIN', 'Mina', NOW() - INTERVAL '118 days'),
('b4000000-0000-0000-0000-000000000002', 'arun@brightwave.io', 'Arun Patel', '$2b$10$seededpass02', 'USER', 'Arun', NOW() - INTERVAL '116 days'),
('b4000000-0000-0000-0000-000000000003', 'ploy@brightwave.io', 'Ploy Kittisak', '$2b$10$seededpass03', 'USER', 'Ploy', NOW() - INTERVAL '114 days'),
('b4000000-0000-0000-0000-000000000004', 'natt@brightwave.io', 'Natt Wong', '$2b$10$seededpass04', 'USER', 'Natt', NOW() - INTERVAL '112 days'),
('b4000000-0000-0000-0000-000000000005', 'iris@brightwave.io', 'Iris Tan', '$2b$10$seededpass05', 'USER', 'Iris', NOW() - INTERVAL '110 days'),
('b4000000-0000-0000-0000-000000000006', 'kenji@atlasops.io', 'Kenji Mori', '$2b$10$seededpass06', 'ADMIN', 'Kenji', NOW() - INTERVAL '108 days'),
('b4000000-0000-0000-0000-000000000007', 'may@atlasops.io', 'May Srisuda', '$2b$10$seededpass07', 'USER', 'May', NOW() - INTERVAL '106 days'),
('b4000000-0000-0000-0000-000000000008', 'oat@atlasops.io', 'Oat Jirawat', '$2b$10$seededpass08', 'USER', 'Oat', NOW() - INTERVAL '104 days'),
('b4000000-0000-0000-0000-000000000009', 'sara@atlasops.io', 'Sara Lim', '$2b$10$seededpass09', 'USER', 'Sara', NOW() - INTERVAL '102 days'),
('b4000000-0000-0000-0000-000000000010', 'tee@atlasops.io', 'Tee Ratan', '$2b$10$seededpass10', 'USER', 'Tee', NOW() - INTERVAL '100 days'),
('b4000000-0000-0000-0000-000000000011', 'hana@mediflow.io', 'Dr. Hana Lee', '$2b$10$seededpass11', 'ADMIN', 'Hana', NOW() - INTERVAL '98 days'),
('b4000000-0000-0000-0000-000000000012', 'win@mediflow.io', 'Win Chaiyasit', '$2b$10$seededpass12', 'USER', 'Win', NOW() - INTERVAL '96 days'),
('b4000000-0000-0000-0000-000000000013', 'beau@mediflow.io', 'Beau Namfon', '$2b$10$seededpass13', 'USER', 'Beau', NOW() - INTERVAL '94 days'),
('b4000000-0000-0000-0000-000000000014', 'paul@mediflow.io', 'Paul Kim', '$2b$10$seededpass14', 'USER', 'Paul', NOW() - INTERVAL '92 days'),
('b4000000-0000-0000-0000-000000000015', 'fern@mediflow.io', 'Fern Pimsiri', '$2b$10$seededpass15', 'USER', 'Fern', NOW() - INTERVAL '90 days'),
('b4000000-0000-0000-0000-000000000016', 'leo@ledgerleaf.io', 'Leo Park', '$2b$10$seededpass16', 'ADMIN', 'Leo', NOW() - INTERVAL '88 days'),
('b4000000-0000-0000-0000-000000000017', 'mook@ledgerleaf.io', 'Mook Sirin', '$2b$10$seededpass17', 'USER', 'Mook', NOW() - INTERVAL '86 days'),
('b4000000-0000-0000-0000-000000000018', 'jin@ledgerleaf.io', 'Jin Seo', '$2b$10$seededpass18', 'USER', 'Jin', NOW() - INTERVAL '84 days'),
('b4000000-0000-0000-0000-000000000019', 'aom@ledgerleaf.io', 'Aom Rung', '$2b$10$seededpass19', 'USER', 'Aom', NOW() - INTERVAL '82 days'),
('b4000000-0000-0000-0000-000000000020', 'karn@ledgerleaf.io', 'Karn Phan', '$2b$10$seededpass20', 'USER', 'Karn', NOW() - INTERVAL '80 days'),
('b4000000-0000-0000-0000-000000000021', 'nina@aurora-learning.io', 'Nina Alvarez', '$2b$10$seededpass21', 'ADMIN', 'Nina', NOW() - INTERVAL '78 days'),
('b4000000-0000-0000-0000-000000000022', 'peem@aurora-learning.io', 'Peem Nop', '$2b$10$seededpass22', 'USER', 'Peem', NOW() - INTERVAL '76 days'),
('b4000000-0000-0000-0000-000000000023', 'fah@aurora-learning.io', 'Fah Rinrada', '$2b$10$seededpass23', 'USER', 'Fah', NOW() - INTERVAL '74 days'),
('b4000000-0000-0000-0000-000000000024', 'tom@aurora-learning.io', 'Tom Yu', '$2b$10$seededpass24', 'USER', 'Tom', NOW() - INTERVAL '72 days');

-- 3. TEAM MEMBERSHIPS
INSERT INTO team_memberships (id, team_id, user_id, role, invited_at, joined_at) VALUES
('c4000000-0000-0000-0000-000000000001', 'a4000000-0000-0000-0000-000000000001', 'b4000000-0000-0000-0000-000000000001', 'OWNER', NOW() - INTERVAL '110 days', NOW() - INTERVAL '108 days'),
('c4000000-0000-0000-0000-000000000002', 'a4000000-0000-0000-0000-000000000001', 'b4000000-0000-0000-0000-000000000002', 'ADMIN', NOW() - INTERVAL '108 days', NOW() - INTERVAL '106 days'),
('c4000000-0000-0000-0000-000000000003', 'a4000000-0000-0000-0000-000000000001', 'b4000000-0000-0000-0000-000000000003', 'MEMBER', NOW() - INTERVAL '106 days', NOW() - INTERVAL '104 days'),
('c4000000-0000-0000-0000-000000000004', 'a4000000-0000-0000-0000-000000000001', 'b4000000-0000-0000-0000-000000000004', 'MEMBER', NOW() - INTERVAL '104 days', NOW() - INTERVAL '102 days'),
('c4000000-0000-0000-0000-000000000005', 'a4000000-0000-0000-0000-000000000001', 'b4000000-0000-0000-0000-000000000005', 'BILLING', NOW() - INTERVAL '102 days', NOW() - INTERVAL '100 days'),
('c4000000-0000-0000-0000-000000000006', 'a4000000-0000-0000-0000-000000000002', 'b4000000-0000-0000-0000-000000000006', 'OWNER', NOW() - INTERVAL '100 days', NOW() - INTERVAL '98 days'),
('c4000000-0000-0000-0000-000000000007', 'a4000000-0000-0000-0000-000000000002', 'b4000000-0000-0000-0000-000000000007', 'ADMIN', NOW() - INTERVAL '98 days', NOW() - INTERVAL '96 days'),
('c4000000-0000-0000-0000-000000000008', 'a4000000-0000-0000-0000-000000000002', 'b4000000-0000-0000-0000-000000000008', 'MEMBER', NOW() - INTERVAL '96 days', NOW() - INTERVAL '94 days'),
('c4000000-0000-0000-0000-000000000009', 'a4000000-0000-0000-0000-000000000002', 'b4000000-0000-0000-0000-000000000009', 'MEMBER', NOW() - INTERVAL '94 days', NOW() - INTERVAL '92 days'),
('c4000000-0000-0000-0000-000000000010', 'a4000000-0000-0000-0000-000000000002', 'b4000000-0000-0000-0000-000000000010', 'BILLING', NOW() - INTERVAL '92 days', NOW() - INTERVAL '90 days'),
('c4000000-0000-0000-0000-000000000011', 'a4000000-0000-0000-0000-000000000003', 'b4000000-0000-0000-0000-000000000011', 'OWNER', NOW() - INTERVAL '90 days', NOW() - INTERVAL '88 days'),
('c4000000-0000-0000-0000-000000000012', 'a4000000-0000-0000-0000-000000000003', 'b4000000-0000-0000-0000-000000000012', 'ADMIN', NOW() - INTERVAL '88 days', NOW() - INTERVAL '86 days'),
('c4000000-0000-0000-0000-000000000013', 'a4000000-0000-0000-0000-000000000003', 'b4000000-0000-0000-0000-000000000013', 'MEMBER', NOW() - INTERVAL '86 days', NOW() - INTERVAL '84 days'),
('c4000000-0000-0000-0000-000000000014', 'a4000000-0000-0000-0000-000000000003', 'b4000000-0000-0000-0000-000000000014', 'MEMBER', NOW() - INTERVAL '84 days', NOW() - INTERVAL '82 days'),
('c4000000-0000-0000-0000-000000000015', 'a4000000-0000-0000-0000-000000000003', 'b4000000-0000-0000-0000-000000000015', 'BILLING', NOW() - INTERVAL '82 days', NOW() - INTERVAL '80 days'),
('c4000000-0000-0000-0000-000000000016', 'a4000000-0000-0000-0000-000000000004', 'b4000000-0000-0000-0000-000000000016', 'OWNER', NOW() - INTERVAL '80 days', NOW() - INTERVAL '78 days'),
('c4000000-0000-0000-0000-000000000017', 'a4000000-0000-0000-0000-000000000004', 'b4000000-0000-0000-0000-000000000017', 'ADMIN', NOW() - INTERVAL '78 days', NOW() - INTERVAL '76 days'),
('c4000000-0000-0000-0000-000000000018', 'a4000000-0000-0000-0000-000000000004', 'b4000000-0000-0000-0000-000000000018', 'MEMBER', NOW() - INTERVAL '76 days', NOW() - INTERVAL '74 days'),
('c4000000-0000-0000-0000-000000000019', 'a4000000-0000-0000-0000-000000000004', 'b4000000-0000-0000-0000-000000000019', 'MEMBER', NOW() - INTERVAL '74 days', NOW() - INTERVAL '72 days'),
('c4000000-0000-0000-0000-000000000020', 'a4000000-0000-0000-0000-000000000004', 'b4000000-0000-0000-0000-000000000020', 'BILLING', NOW() - INTERVAL '72 days', NOW() - INTERVAL '70 days'),
('c4000000-0000-0000-0000-000000000021', 'a4000000-0000-0000-0000-000000000005', 'b4000000-0000-0000-0000-000000000021', 'OWNER', NOW() - INTERVAL '70 days', NOW() - INTERVAL '68 days'),
('c4000000-0000-0000-0000-000000000022', 'a4000000-0000-0000-0000-000000000005', 'b4000000-0000-0000-0000-000000000022', 'ADMIN', NOW() - INTERVAL '68 days', NOW() - INTERVAL '66 days'),
('c4000000-0000-0000-0000-000000000023', 'a4000000-0000-0000-0000-000000000005', 'b4000000-0000-0000-0000-000000000023', 'MEMBER', NOW() - INTERVAL '66 days', NOW() - INTERVAL '64 days'),
('c4000000-0000-0000-0000-000000000024', 'a4000000-0000-0000-0000-000000000005', 'b4000000-0000-0000-0000-000000000024', 'MEMBER', NOW() - INTERVAL '64 days', NOW() - INTERVAL '62 days'),
('c4000000-0000-0000-0000-000000000025', 'a4000000-0000-0000-0000-000000000002', 'b4000000-0000-0000-0000-000000000001', 'VIEWER', NOW() - INTERVAL '32 days', NOW() - INTERVAL '31 days'),
('c4000000-0000-0000-0000-000000000026', 'a4000000-0000-0000-0000-000000000004', 'b4000000-0000-0000-0000-000000000009', 'MEMBER', NOW() - INTERVAL '28 days', NOW() - INTERVAL '27 days'),
('c4000000-0000-0000-0000-000000000027', 'a4000000-0000-0000-0000-000000000005', 'b4000000-0000-0000-0000-000000000014', 'VIEWER', NOW() - INTERVAL '24 days', NOW() - INTERVAL '23 days'),
('c4000000-0000-0000-0000-000000000028', 'a4000000-0000-0000-0000-000000000001', 'b4000000-0000-0000-0000-000000000019', 'MEMBER', NOW() - INTERVAL '20 days', NOW() - INTERVAL '19 days'),
('c4000000-0000-0000-0000-000000000029', 'a4000000-0000-0000-0000-000000000003', 'b4000000-0000-0000-0000-000000000022', 'VIEWER', NOW() - INTERVAL '16 days', NOW() - INTERVAL '15 days');

-- 4. CLIENTS
INSERT INTO clients (id, team_id, name, email, phone, contact_name, billing_address, tax_id, notes, default_hourly_rate_cents, currency, archived_at) VALUES
('d4000000-0000-0000-0000-000000000001', 'a4000000-0000-0000-0000-000000000001', 'Luna Fashion House', 'hello@lunafashion.co', '+66-555-0001', 'Mali Decha', '{"street": "101 Client Avenue", "city": "Bangkok", "country": "TH", "postal_code": "10001"}', 'TH-LUNA-01', 'Fashion retail rebrand with seasonal campaigns', 16000, 'USD', NULL),
('d4000000-0000-0000-0000-000000000002', 'a4000000-0000-0000-0000-000000000001', 'GreenBite Foods', 'team@greenbite.asia', '+66-555-0002', 'Krit Chanon', '{"street": "102 Client Avenue", "city": "Bangkok", "country": "TH", "postal_code": "10002"}', 'TH-GB-02', 'Healthy meal delivery brand expanding regionally', 14000, 'USD', NULL),
('d4000000-0000-0000-0000-000000000003', 'a4000000-0000-0000-0000-000000000002', 'NovaShip Logistics', 'it@novaship.com', '+65-555-0003', 'Ravi Menon', '{"street": "103 Client Avenue", "city": "Singapore", "country": "SG", "postal_code": "10003"}', 'SG-NS-01', 'Regional logistics platform modernization', 26000, 'SGD', NULL),
('d4000000-0000-0000-0000-000000000004', 'a4000000-0000-0000-0000-000000000002', 'SkyBank Infrastructure', 'cloud@skybank.co', '+81-555-0004', 'Aki Sato', '{"street": "104 Client Avenue", "city": "Bangkok", "country": "TH", "postal_code": "10004"}', 'JP-SB-02', 'Bank-grade platform reliability and compliance', 28000, 'USD', NULL),
('d4000000-0000-0000-0000-000000000005', 'a4000000-0000-0000-0000-000000000003', 'VitaCare Clinic', 'digital@vitacare.health', '+66-555-0005', 'Dr. Meena Ward', '{"street": "105 Client Avenue", "city": "Bangkok", "country": "TH", "postal_code": "10005"}', 'TH-VC-01', 'Private clinic digitization program', 19000, 'USD', NULL),
('d4000000-0000-0000-0000-000000000006', 'a4000000-0000-0000-0000-000000000003', 'FitSphere Wellness', 'ops@fitsphere.app', '+84-555-0006', 'Lan Hoang', '{"street": "106 Client Avenue", "city": "Bangkok", "country": "TH", "postal_code": "10006"}', 'VN-FS-02', 'Consumer wellness app product team', 17000, 'USD', NULL),
('d4000000-0000-0000-0000-000000000007', 'a4000000-0000-0000-0000-000000000004', 'CapitalBridge Finance', 'analytics@capitalbridge.io', '+65-555-0007', 'Niko Reed', '{"street": "107 Client Avenue", "city": "Bangkok", "country": "TH", "postal_code": "10007"}', 'SG-CB-01', 'Data-heavy finance reporting and automation', 23000, 'USD', NULL),
('d4000000-0000-0000-0000-000000000008', 'a4000000-0000-0000-0000-000000000004', 'PropSense Realty', 'data@propsense.co', '+66-555-0008', 'Oran Kulp', '{"street": "108 Client Avenue", "city": "Bangkok", "country": "TH", "postal_code": "10008"}', 'TH-PR-02', 'Real-estate insights and broker productivity tools', 18000, 'USD', NULL),
('d4000000-0000-0000-0000-000000000009', 'a4000000-0000-0000-0000-000000000005', 'LearnLoop Academy', 'product@learnloop.edu', '+1-555-0009', 'Grace Nolan', '{"street": "109 Client Avenue", "city": "Bangkok", "country": "TH", "postal_code": "10009"}', 'US-LL-01', 'Online education platform revamp', 15000, 'USD', NULL),
('d4000000-0000-0000-0000-000000000010', 'a4000000-0000-0000-0000-000000000005', 'TravelerJoy Media', 'content@travelerjoy.com', '+66-555-0010', 'Benz Chutima', '{"street": "110 Client Avenue", "city": "Bangkok", "country": "TH", "postal_code": "10010"}', 'TH-TJ-02', 'Travel content and creator monetization tools', 13500, 'USD', NULL);

-- 5. PROJECTS
INSERT INTO projects (id, team_id, client_id, name, code, description, status, color, tags, default_hourly_rate_cents, budget_type, budget_hours, budget_amount_cents, start_date, due_date) VALUES
('e4000000-0000-0000-0000-000000000001', 'a4000000-0000-0000-0000-000000000001', 'd4000000-0000-0000-0000-000000000001', 'Luxury Storefront Refresh', 'LUNA-001', 'Design + frontend revamp for flagship ecommerce site', 'active', '#F97316', ARRAY['branding', 'web', 'retail'], 16000, 'hours', 220, NULL, '2025-01-10', '2025-08-30'),
('e4000000-0000-0000-0000-000000000002', 'a4000000-0000-0000-0000-000000000001', 'd4000000-0000-0000-0000-000000000001', 'Campaign Microsite Factory', 'LUNA-002', 'Fast-turn campaign landing pages for monthly promotions', 'active', '#EC4899', ARRAY['marketing', 'landing-page'], 15500, 'amount', NULL, 1800000, '2025-03-01', '2025-09-15'),
('e4000000-0000-0000-0000-000000000003', 'a4000000-0000-0000-0000-000000000001', 'd4000000-0000-0000-0000-000000000001', 'Influencer Asset Portal', 'LUNA-003', 'Portal for creators to download assets and report content', 'completed', '#8B5CF6', ARRAY['portal', 'creators'], 15000, 'amount', NULL, 950000, '2024-11-15', '2025-02-28'),
('e4000000-0000-0000-0000-000000000004', 'a4000000-0000-0000-0000-000000000001', 'd4000000-0000-0000-0000-000000000002', 'Subscription Checkout Optimization', 'GBITE-001', 'Improve checkout funnel and promo stacking rules', 'active', '#22C55E', ARRAY['growth', 'checkout'], 14500, 'hours', 160, NULL, '2025-02-01', '2025-07-31'),
('e4000000-0000-0000-0000-000000000005', 'a4000000-0000-0000-0000-000000000001', 'd4000000-0000-0000-0000-000000000002', 'Packaging Feedback Dashboard', 'GBITE-002', 'Collect customer packaging feedback by region', 'on_hold', '#14B8A6', ARRAY['dashboard', 'ops'], 14000, 'none', NULL, NULL, '2025-03-20', NULL),
('e4000000-0000-0000-0000-000000000006', 'a4000000-0000-0000-0000-000000000001', 'd4000000-0000-0000-0000-000000000002', 'Franchise Location CMS', 'GBITE-003', 'Content system for franchise store pages and announcements', 'active', '#0EA5E9', ARRAY['cms', 'content'], 14200, 'amount', NULL, 1250000, '2025-04-05', '2025-10-15'),
('e4000000-0000-0000-0000-000000000007', 'a4000000-0000-0000-0000-000000000002', 'd4000000-0000-0000-0000-000000000003', 'Fleet Control Tower', 'NOVA-001', 'Operational dashboard for routes, incidents, and ETAs', 'active', '#2563EB', ARRAY['logistics', 'dashboard'], 26000, 'hours', 300, NULL, '2025-01-15', '2025-12-20'),
('e4000000-0000-0000-0000-000000000008', 'a4000000-0000-0000-0000-000000000002', 'd4000000-0000-0000-0000-000000000003', 'Warehouse K8s Migration', 'NOVA-002', 'Move warehouse services from VMs to Kubernetes', 'active', '#F59E0B', ARRAY['kubernetes', 'migration'], 27000, 'hours', 420, NULL, '2025-02-10', '2025-11-30'),
('e4000000-0000-0000-0000-000000000009', 'a4000000-0000-0000-0000-000000000002', 'd4000000-0000-0000-0000-000000000003', 'Driver Incident App API', 'NOVA-003', 'Backend APIs for driver incident capture app', 'completed', '#10B981', ARRAY['api', 'mobile'], 25500, 'amount', NULL, 2100000, '2024-10-01', '2025-01-31'),
('e4000000-0000-0000-0000-000000000010', 'a4000000-0000-0000-0000-000000000002', 'd4000000-0000-0000-0000-000000000004', 'Zero Trust Rollout', 'SKY-001', 'Identity-aware access rollout for engineering teams', 'active', '#EF4444', ARRAY['security', 'iam'], 28000, 'hours', 260, NULL, '2025-03-01', '2025-09-30'),
('e4000000-0000-0000-0000-000000000011', 'a4000000-0000-0000-0000-000000000002', 'd4000000-0000-0000-0000-000000000004', 'FinOps Savings Explorer', 'SKY-002', 'Cloud spend observability and savings recommendations', 'active', '#6366F1', ARRAY['finops', 'data'], 27500, 'amount', NULL, 2400000, '2025-02-20', '2025-08-31'),
('e4000000-0000-0000-0000-000000000012', 'a4000000-0000-0000-0000-000000000002', 'd4000000-0000-0000-0000-000000000004', 'Disaster Recovery Drills', 'SKY-003', 'Quarterly DR automation and audit trails', 'completed', '#84CC16', ARRAY['dr', 'automation'], 26500, 'amount', NULL, 1300000, '2024-12-01', '2025-03-15'),
('e4000000-0000-0000-0000-000000000013', 'a4000000-0000-0000-0000-000000000003', 'd4000000-0000-0000-0000-000000000005', 'Patient App Revamp', 'VITA-001', 'Mobile-first patient app with appointment and lab modules', 'active', '#06B6D4', ARRAY['mobile', 'health'], 19000, 'amount', NULL, 2200000, '2025-01-05', '2025-09-30'),
('e4000000-0000-0000-0000-000000000014', 'a4000000-0000-0000-0000-000000000003', 'd4000000-0000-0000-0000-000000000005', 'Telemedicine Booking Portal', 'VITA-002', 'Web portal for doctor availability and video sessions', 'active', '#3B82F6', ARRAY['portal', 'scheduling'], 19500, 'hours', 210, NULL, '2025-02-12', '2025-08-15'),
('e4000000-0000-0000-0000-000000000015', 'a4000000-0000-0000-0000-000000000003', 'd4000000-0000-0000-0000-000000000005', 'Insurance Claim Sync', 'VITA-003', 'Back-office integration for claim status synchronization', 'completed', '#A855F7', ARRAY['integration', 'claims'], 18500, 'amount', NULL, 1600000, '2024-09-15', '2025-02-10'),
('e4000000-0000-0000-0000-000000000016', 'a4000000-0000-0000-0000-000000000003', 'd4000000-0000-0000-0000-000000000006', 'Nutrition Coach Dashboard', 'FIT-001', 'Admin dashboard for coach performance and member plans', 'active', '#F97316', ARRAY['dashboard', 'wellness'], 17500, 'hours', 180, NULL, '2025-03-03', '2025-09-01'),
('e4000000-0000-0000-0000-000000000017', 'a4000000-0000-0000-0000-000000000003', 'd4000000-0000-0000-0000-000000000006', 'Wearable Data Sync', 'FIT-002', 'Integrate device data from Apple Health and Garmin', 'active', '#14B8A6', ARRAY['iot', 'integration'], 17200, 'amount', NULL, 1850000, '2025-04-10', '2025-10-20'),
('e4000000-0000-0000-0000-000000000018', 'a4000000-0000-0000-0000-000000000003', 'd4000000-0000-0000-0000-000000000006', 'Habit Challenge Engine', 'FIT-003', 'Streaks, badges, and social challenge engine', 'on_hold', '#EAB308', ARRAY['gamification', 'backend'], 17000, 'none', NULL, NULL, '2025-05-01', NULL),
('e4000000-0000-0000-0000-000000000019', 'a4000000-0000-0000-0000-000000000004', 'd4000000-0000-0000-0000-000000000007', 'Executive Risk Dashboard', 'CAP-001', 'Board-ready portfolio and exposure dashboard', 'active', '#1D4ED8', ARRAY['bi', 'finance'], 23000, 'hours', 240, NULL, '2025-01-20', '2025-09-15'),
('e4000000-0000-0000-0000-000000000020', 'a4000000-0000-0000-0000-000000000004', 'd4000000-0000-0000-0000-000000000007', 'Collections Workflow Automation', 'CAP-002', 'Automate collections playbooks and outreach prioritization', 'active', '#B91C1C', ARRAY['automation', 'ops'], 22800, 'amount', NULL, 2600000, '2025-02-05', '2025-11-01'),
('e4000000-0000-0000-0000-000000000021', 'a4000000-0000-0000-0000-000000000004', 'd4000000-0000-0000-0000-000000000007', 'Loan Origination UI Refresh', 'CAP-003', 'Refresh multi-step loan origination experience', 'completed', '#DB2777', ARRAY['frontend', 'fintech'], 22500, 'amount', NULL, 1750000, '2024-10-20', '2025-02-25'),
('e4000000-0000-0000-0000-000000000022', 'a4000000-0000-0000-0000-000000000004', 'd4000000-0000-0000-0000-000000000008', 'Valuation Model Workbench', 'PROP-001', 'Internal tooling for property valuation analysts', 'active', '#16A34A', ARRAY['mlops', 'analytics'], 18200, 'hours', 190, NULL, '2025-03-08', '2025-10-31'),
('e4000000-0000-0000-0000-000000000023', 'a4000000-0000-0000-0000-000000000004', 'd4000000-0000-0000-0000-000000000008', 'Broker Deal Tracker', 'PROP-002', 'Deal pipeline and follow-up tracker for brokers', 'active', '#0F766E', ARRAY['crm', 'real-estate'], 18000, 'amount', NULL, 1500000, '2025-04-01', '2025-09-20'),
('e4000000-0000-0000-0000-000000000024', 'a4000000-0000-0000-0000-000000000004', 'd4000000-0000-0000-0000-000000000008', 'Investor Report Generator', 'PROP-003', 'Generate asset performance packets for investors', 'completed', '#7C3AED', ARRAY['reporting', 'pdf'], 17800, 'amount', NULL, 1200000, '2024-11-10', '2025-02-18'),
('e4000000-0000-0000-0000-000000000025', 'a4000000-0000-0000-0000-000000000005', 'd4000000-0000-0000-0000-000000000009', 'LMS Revamp', 'LEARN-001', 'Revamp learner journey, content browsing, and assignment flows', 'active', '#2563EB', ARRAY['edtech', 'lms'], 15500, 'hours', 260, NULL, '2025-01-12', '2025-10-15'),
('e4000000-0000-0000-0000-000000000026', 'a4000000-0000-0000-0000-000000000005', 'd4000000-0000-0000-0000-000000000009', 'Adaptive Quiz Engine', 'LEARN-002', 'Question engine with difficulty adaptation and analytics', 'active', '#9333EA', ARRAY['assessment', 'engine'], 15800, 'amount', NULL, 1950000, '2025-03-18', '2025-09-30'),
('e4000000-0000-0000-0000-000000000027', 'a4000000-0000-0000-0000-000000000005', 'd4000000-0000-0000-0000-000000000009', 'Teacher Portal', 'LEARN-003', 'Portal for teachers to manage courses and feedback', 'completed', '#F59E0B', ARRAY['portal', 'teacher'], 15000, 'amount', NULL, 1100000, '2024-12-05', '2025-03-30'),
('e4000000-0000-0000-0000-000000000028', 'a4000000-0000-0000-0000-000000000005', 'd4000000-0000-0000-0000-000000000010', 'Creator Media Kit CMS', 'TRAVEL-001', 'CMS for destination pages, creator media kits, and assets', 'active', '#EA580C', ARRAY['cms', 'travel'], 13800, 'hours', 170, NULL, '2025-02-14', '2025-08-31'),
('e4000000-0000-0000-0000-000000000029', 'a4000000-0000-0000-0000-000000000005', 'd4000000-0000-0000-0000-000000000010', 'Affiliate Revenue Reporting', 'TRAVEL-002', 'Affiliate attribution and payout analytics', 'active', '#0EA5E9', ARRAY['reporting', 'affiliate'], 13600, 'amount', NULL, 1450000, '2025-04-12', '2025-11-15'),
('e4000000-0000-0000-0000-000000000030', 'a4000000-0000-0000-0000-000000000005', 'd4000000-0000-0000-0000-000000000010', 'Trip Planner Community Feed', 'TRAVEL-003', 'Community itinerary sharing and moderation tools', 'on_hold', '#65A30D', ARRAY['community', 'social'], 13500, 'none', NULL, NULL, '2025-05-05', NULL);

-- 6. PROJECT MEMBERS
INSERT INTO project_members (id, team_id, project_id, user_id, role) VALUES
('f4000000-0000-0000-0000-000000000001', 'a4000000-0000-0000-0000-000000000001', 'e4000000-0000-0000-0000-000000000001', 'b4000000-0000-0000-0000-000000000001', 'MANAGER'),
('f4000000-0000-0000-0000-000000000002', 'a4000000-0000-0000-0000-000000000001', 'e4000000-0000-0000-0000-000000000001', 'b4000000-0000-0000-0000-000000000003', 'CONTRIBUTOR'),
('f4000000-0000-0000-0000-000000000003', 'a4000000-0000-0000-0000-000000000001', 'e4000000-0000-0000-0000-000000000001', 'b4000000-0000-0000-0000-000000000004', 'CONTRIBUTOR'),
('f4000000-0000-0000-0000-000000000004', 'a4000000-0000-0000-0000-000000000001', 'e4000000-0000-0000-0000-000000000002', 'b4000000-0000-0000-0000-000000000002', 'MANAGER'),
('f4000000-0000-0000-0000-000000000005', 'a4000000-0000-0000-0000-000000000001', 'e4000000-0000-0000-0000-000000000002', 'b4000000-0000-0000-0000-000000000004', 'CONTRIBUTOR'),
('f4000000-0000-0000-0000-000000000006', 'a4000000-0000-0000-0000-000000000001', 'e4000000-0000-0000-0000-000000000002', 'b4000000-0000-0000-0000-000000000005', 'CONTRIBUTOR'),
('f4000000-0000-0000-0000-000000000007', 'a4000000-0000-0000-0000-000000000001', 'e4000000-0000-0000-0000-000000000003', 'b4000000-0000-0000-0000-000000000001', 'MANAGER'),
('f4000000-0000-0000-0000-000000000008', 'a4000000-0000-0000-0000-000000000001', 'e4000000-0000-0000-0000-000000000003', 'b4000000-0000-0000-0000-000000000003', 'CONTRIBUTOR'),
('f4000000-0000-0000-0000-000000000009', 'a4000000-0000-0000-0000-000000000001', 'e4000000-0000-0000-0000-000000000003', 'b4000000-0000-0000-0000-000000000004', 'CONTRIBUTOR'),
('f4000000-0000-0000-0000-000000000010', 'a4000000-0000-0000-0000-000000000001', 'e4000000-0000-0000-0000-000000000004', 'b4000000-0000-0000-0000-000000000002', 'MANAGER'),
('f4000000-0000-0000-0000-000000000011', 'a4000000-0000-0000-0000-000000000001', 'e4000000-0000-0000-0000-000000000004', 'b4000000-0000-0000-0000-000000000004', 'CONTRIBUTOR'),
('f4000000-0000-0000-0000-000000000012', 'a4000000-0000-0000-0000-000000000001', 'e4000000-0000-0000-0000-000000000004', 'b4000000-0000-0000-0000-000000000019', 'VIEWER'),
('f4000000-0000-0000-0000-000000000013', 'a4000000-0000-0000-0000-000000000001', 'e4000000-0000-0000-0000-000000000005', 'b4000000-0000-0000-0000-000000000001', 'MANAGER'),
('f4000000-0000-0000-0000-000000000014', 'a4000000-0000-0000-0000-000000000001', 'e4000000-0000-0000-0000-000000000005', 'b4000000-0000-0000-0000-000000000003', 'CONTRIBUTOR'),
('f4000000-0000-0000-0000-000000000015', 'a4000000-0000-0000-0000-000000000001', 'e4000000-0000-0000-0000-000000000005', 'b4000000-0000-0000-0000-000000000005', 'CONTRIBUTOR'),
('f4000000-0000-0000-0000-000000000016', 'a4000000-0000-0000-0000-000000000001', 'e4000000-0000-0000-0000-000000000006', 'b4000000-0000-0000-0000-000000000002', 'MANAGER'),
('f4000000-0000-0000-0000-000000000017', 'a4000000-0000-0000-0000-000000000001', 'e4000000-0000-0000-0000-000000000006', 'b4000000-0000-0000-0000-000000000004', 'CONTRIBUTOR'),
('f4000000-0000-0000-0000-000000000018', 'a4000000-0000-0000-0000-000000000002', 'e4000000-0000-0000-0000-000000000007', 'b4000000-0000-0000-0000-000000000006', 'MANAGER'),
('f4000000-0000-0000-0000-000000000019', 'a4000000-0000-0000-0000-000000000002', 'e4000000-0000-0000-0000-000000000007', 'b4000000-0000-0000-0000-000000000008', 'CONTRIBUTOR'),
('f4000000-0000-0000-0000-000000000020', 'a4000000-0000-0000-0000-000000000002', 'e4000000-0000-0000-0000-000000000007', 'b4000000-0000-0000-0000-000000000009', 'CONTRIBUTOR'),
('f4000000-0000-0000-0000-000000000021', 'a4000000-0000-0000-0000-000000000002', 'e4000000-0000-0000-0000-000000000008', 'b4000000-0000-0000-0000-000000000007', 'MANAGER'),
('f4000000-0000-0000-0000-000000000022', 'a4000000-0000-0000-0000-000000000002', 'e4000000-0000-0000-0000-000000000008', 'b4000000-0000-0000-0000-000000000009', 'CONTRIBUTOR'),
('f4000000-0000-0000-0000-000000000023', 'a4000000-0000-0000-0000-000000000002', 'e4000000-0000-0000-0000-000000000008', 'b4000000-0000-0000-0000-000000000010', 'CONTRIBUTOR'),
('f4000000-0000-0000-0000-000000000024', 'a4000000-0000-0000-0000-000000000002', 'e4000000-0000-0000-0000-000000000008', 'b4000000-0000-0000-0000-000000000001', 'VIEWER'),
('f4000000-0000-0000-0000-000000000025', 'a4000000-0000-0000-0000-000000000002', 'e4000000-0000-0000-0000-000000000009', 'b4000000-0000-0000-0000-000000000006', 'MANAGER'),
('f4000000-0000-0000-0000-000000000026', 'a4000000-0000-0000-0000-000000000002', 'e4000000-0000-0000-0000-000000000009', 'b4000000-0000-0000-0000-000000000008', 'CONTRIBUTOR'),
('f4000000-0000-0000-0000-000000000027', 'a4000000-0000-0000-0000-000000000002', 'e4000000-0000-0000-0000-000000000009', 'b4000000-0000-0000-0000-000000000009', 'CONTRIBUTOR'),
('f4000000-0000-0000-0000-000000000028', 'a4000000-0000-0000-0000-000000000002', 'e4000000-0000-0000-0000-000000000010', 'b4000000-0000-0000-0000-000000000007', 'MANAGER'),
('f4000000-0000-0000-0000-000000000029', 'a4000000-0000-0000-0000-000000000002', 'e4000000-0000-0000-0000-000000000010', 'b4000000-0000-0000-0000-000000000009', 'CONTRIBUTOR'),
('f4000000-0000-0000-0000-000000000030', 'a4000000-0000-0000-0000-000000000002', 'e4000000-0000-0000-0000-000000000011', 'b4000000-0000-0000-0000-000000000006', 'MANAGER'),
('f4000000-0000-0000-0000-000000000031', 'a4000000-0000-0000-0000-000000000002', 'e4000000-0000-0000-0000-000000000011', 'b4000000-0000-0000-0000-000000000008', 'CONTRIBUTOR'),
('f4000000-0000-0000-0000-000000000032', 'a4000000-0000-0000-0000-000000000002', 'e4000000-0000-0000-0000-000000000011', 'b4000000-0000-0000-0000-000000000010', 'CONTRIBUTOR'),
('f4000000-0000-0000-0000-000000000033', 'a4000000-0000-0000-0000-000000000002', 'e4000000-0000-0000-0000-000000000012', 'b4000000-0000-0000-0000-000000000007', 'MANAGER'),
('f4000000-0000-0000-0000-000000000034', 'a4000000-0000-0000-0000-000000000002', 'e4000000-0000-0000-0000-000000000012', 'b4000000-0000-0000-0000-000000000009', 'CONTRIBUTOR'),
('f4000000-0000-0000-0000-000000000035', 'a4000000-0000-0000-0000-000000000002', 'e4000000-0000-0000-0000-000000000012', 'b4000000-0000-0000-0000-000000000001', 'VIEWER'),
('f4000000-0000-0000-0000-000000000036', 'a4000000-0000-0000-0000-000000000003', 'e4000000-0000-0000-0000-000000000013', 'b4000000-0000-0000-0000-000000000011', 'MANAGER'),
('f4000000-0000-0000-0000-000000000037', 'a4000000-0000-0000-0000-000000000003', 'e4000000-0000-0000-0000-000000000013', 'b4000000-0000-0000-0000-000000000013', 'CONTRIBUTOR'),
('f4000000-0000-0000-0000-000000000038', 'a4000000-0000-0000-0000-000000000003', 'e4000000-0000-0000-0000-000000000013', 'b4000000-0000-0000-0000-000000000014', 'CONTRIBUTOR'),
('f4000000-0000-0000-0000-000000000039', 'a4000000-0000-0000-0000-000000000003', 'e4000000-0000-0000-0000-000000000014', 'b4000000-0000-0000-0000-000000000012', 'MANAGER'),
('f4000000-0000-0000-0000-000000000040', 'a4000000-0000-0000-0000-000000000003', 'e4000000-0000-0000-0000-000000000014', 'b4000000-0000-0000-0000-000000000014', 'CONTRIBUTOR'),
('f4000000-0000-0000-0000-000000000041', 'a4000000-0000-0000-0000-000000000003', 'e4000000-0000-0000-0000-000000000014', 'b4000000-0000-0000-0000-000000000015', 'CONTRIBUTOR'),
('f4000000-0000-0000-0000-000000000042', 'a4000000-0000-0000-0000-000000000003', 'e4000000-0000-0000-0000-000000000015', 'b4000000-0000-0000-0000-000000000011', 'MANAGER'),
('f4000000-0000-0000-0000-000000000043', 'a4000000-0000-0000-0000-000000000003', 'e4000000-0000-0000-0000-000000000015', 'b4000000-0000-0000-0000-000000000013', 'CONTRIBUTOR'),
('f4000000-0000-0000-0000-000000000044', 'a4000000-0000-0000-0000-000000000003', 'e4000000-0000-0000-0000-000000000015', 'b4000000-0000-0000-0000-000000000014', 'CONTRIBUTOR'),
('f4000000-0000-0000-0000-000000000045', 'a4000000-0000-0000-0000-000000000003', 'e4000000-0000-0000-0000-000000000016', 'b4000000-0000-0000-0000-000000000012', 'MANAGER'),
('f4000000-0000-0000-0000-000000000046', 'a4000000-0000-0000-0000-000000000003', 'e4000000-0000-0000-0000-000000000016', 'b4000000-0000-0000-0000-000000000014', 'CONTRIBUTOR'),
('f4000000-0000-0000-0000-000000000047', 'a4000000-0000-0000-0000-000000000003', 'e4000000-0000-0000-0000-000000000016', 'b4000000-0000-0000-0000-000000000022', 'VIEWER'),
('f4000000-0000-0000-0000-000000000048', 'a4000000-0000-0000-0000-000000000003', 'e4000000-0000-0000-0000-000000000017', 'b4000000-0000-0000-0000-000000000011', 'MANAGER'),
('f4000000-0000-0000-0000-000000000049', 'a4000000-0000-0000-0000-000000000003', 'e4000000-0000-0000-0000-000000000017', 'b4000000-0000-0000-0000-000000000013', 'CONTRIBUTOR'),
('f4000000-0000-0000-0000-000000000050', 'a4000000-0000-0000-0000-000000000003', 'e4000000-0000-0000-0000-000000000017', 'b4000000-0000-0000-0000-000000000015', 'CONTRIBUTOR'),
('f4000000-0000-0000-0000-000000000051', 'a4000000-0000-0000-0000-000000000003', 'e4000000-0000-0000-0000-000000000018', 'b4000000-0000-0000-0000-000000000012', 'MANAGER'),
('f4000000-0000-0000-0000-000000000052', 'a4000000-0000-0000-0000-000000000003', 'e4000000-0000-0000-0000-000000000018', 'b4000000-0000-0000-0000-000000000014', 'CONTRIBUTOR'),
('f4000000-0000-0000-0000-000000000053', 'a4000000-0000-0000-0000-000000000004', 'e4000000-0000-0000-0000-000000000019', 'b4000000-0000-0000-0000-000000000016', 'MANAGER'),
('f4000000-0000-0000-0000-000000000054', 'a4000000-0000-0000-0000-000000000004', 'e4000000-0000-0000-0000-000000000019', 'b4000000-0000-0000-0000-000000000018', 'CONTRIBUTOR'),
('f4000000-0000-0000-0000-000000000055', 'a4000000-0000-0000-0000-000000000004', 'e4000000-0000-0000-0000-000000000019', 'b4000000-0000-0000-0000-000000000019', 'CONTRIBUTOR'),
('f4000000-0000-0000-0000-000000000056', 'a4000000-0000-0000-0000-000000000004', 'e4000000-0000-0000-0000-000000000020', 'b4000000-0000-0000-0000-000000000017', 'MANAGER'),
('f4000000-0000-0000-0000-000000000057', 'a4000000-0000-0000-0000-000000000004', 'e4000000-0000-0000-0000-000000000020', 'b4000000-0000-0000-0000-000000000019', 'CONTRIBUTOR'),
('f4000000-0000-0000-0000-000000000058', 'a4000000-0000-0000-0000-000000000004', 'e4000000-0000-0000-0000-000000000020', 'b4000000-0000-0000-0000-000000000020', 'CONTRIBUTOR'),
('f4000000-0000-0000-0000-000000000059', 'a4000000-0000-0000-0000-000000000004', 'e4000000-0000-0000-0000-000000000020', 'b4000000-0000-0000-0000-000000000009', 'VIEWER'),
('f4000000-0000-0000-0000-000000000060', 'a4000000-0000-0000-0000-000000000004', 'e4000000-0000-0000-0000-000000000021', 'b4000000-0000-0000-0000-000000000016', 'MANAGER'),
('f4000000-0000-0000-0000-000000000061', 'a4000000-0000-0000-0000-000000000004', 'e4000000-0000-0000-0000-000000000021', 'b4000000-0000-0000-0000-000000000018', 'CONTRIBUTOR'),
('f4000000-0000-0000-0000-000000000062', 'a4000000-0000-0000-0000-000000000004', 'e4000000-0000-0000-0000-000000000021', 'b4000000-0000-0000-0000-000000000019', 'CONTRIBUTOR'),
('f4000000-0000-0000-0000-000000000063', 'a4000000-0000-0000-0000-000000000004', 'e4000000-0000-0000-0000-000000000022', 'b4000000-0000-0000-0000-000000000017', 'MANAGER'),
('f4000000-0000-0000-0000-000000000064', 'a4000000-0000-0000-0000-000000000004', 'e4000000-0000-0000-0000-000000000022', 'b4000000-0000-0000-0000-000000000019', 'CONTRIBUTOR'),
('f4000000-0000-0000-0000-000000000065', 'a4000000-0000-0000-0000-000000000004', 'e4000000-0000-0000-0000-000000000023', 'b4000000-0000-0000-0000-000000000016', 'MANAGER'),
('f4000000-0000-0000-0000-000000000066', 'a4000000-0000-0000-0000-000000000004', 'e4000000-0000-0000-0000-000000000023', 'b4000000-0000-0000-0000-000000000018', 'CONTRIBUTOR'),
('f4000000-0000-0000-0000-000000000067', 'a4000000-0000-0000-0000-000000000004', 'e4000000-0000-0000-0000-000000000023', 'b4000000-0000-0000-0000-000000000020', 'CONTRIBUTOR'),
('f4000000-0000-0000-0000-000000000068', 'a4000000-0000-0000-0000-000000000004', 'e4000000-0000-0000-0000-000000000024', 'b4000000-0000-0000-0000-000000000017', 'MANAGER'),
('f4000000-0000-0000-0000-000000000069', 'a4000000-0000-0000-0000-000000000004', 'e4000000-0000-0000-0000-000000000024', 'b4000000-0000-0000-0000-000000000019', 'CONTRIBUTOR'),
('f4000000-0000-0000-0000-000000000070', 'a4000000-0000-0000-0000-000000000004', 'e4000000-0000-0000-0000-000000000024', 'b4000000-0000-0000-0000-000000000009', 'VIEWER'),
('f4000000-0000-0000-0000-000000000071', 'a4000000-0000-0000-0000-000000000005', 'e4000000-0000-0000-0000-000000000025', 'b4000000-0000-0000-0000-000000000021', 'MANAGER'),
('f4000000-0000-0000-0000-000000000072', 'a4000000-0000-0000-0000-000000000005', 'e4000000-0000-0000-0000-000000000025', 'b4000000-0000-0000-0000-000000000023', 'CONTRIBUTOR'),
('f4000000-0000-0000-0000-000000000073', 'a4000000-0000-0000-0000-000000000005', 'e4000000-0000-0000-0000-000000000025', 'b4000000-0000-0000-0000-000000000024', 'CONTRIBUTOR'),
('f4000000-0000-0000-0000-000000000074', 'a4000000-0000-0000-0000-000000000005', 'e4000000-0000-0000-0000-000000000026', 'b4000000-0000-0000-0000-000000000022', 'MANAGER'),
('f4000000-0000-0000-0000-000000000075', 'a4000000-0000-0000-0000-000000000005', 'e4000000-0000-0000-0000-000000000026', 'b4000000-0000-0000-0000-000000000024', 'CONTRIBUTOR'),
('f4000000-0000-0000-0000-000000000076', 'a4000000-0000-0000-0000-000000000005', 'e4000000-0000-0000-0000-000000000027', 'b4000000-0000-0000-0000-000000000021', 'MANAGER'),
('f4000000-0000-0000-0000-000000000077', 'a4000000-0000-0000-0000-000000000005', 'e4000000-0000-0000-0000-000000000027', 'b4000000-0000-0000-0000-000000000023', 'CONTRIBUTOR'),
('f4000000-0000-0000-0000-000000000078', 'a4000000-0000-0000-0000-000000000005', 'e4000000-0000-0000-0000-000000000028', 'b4000000-0000-0000-0000-000000000022', 'MANAGER'),
('f4000000-0000-0000-0000-000000000079', 'a4000000-0000-0000-0000-000000000005', 'e4000000-0000-0000-0000-000000000028', 'b4000000-0000-0000-0000-000000000024', 'CONTRIBUTOR'),
('f4000000-0000-0000-0000-000000000080', 'a4000000-0000-0000-0000-000000000005', 'e4000000-0000-0000-0000-000000000028', 'b4000000-0000-0000-0000-000000000014', 'VIEWER'),
('f4000000-0000-0000-0000-000000000081', 'a4000000-0000-0000-0000-000000000005', 'e4000000-0000-0000-0000-000000000029', 'b4000000-0000-0000-0000-000000000021', 'MANAGER'),
('f4000000-0000-0000-0000-000000000082', 'a4000000-0000-0000-0000-000000000005', 'e4000000-0000-0000-0000-000000000029', 'b4000000-0000-0000-0000-000000000023', 'CONTRIBUTOR'),
('f4000000-0000-0000-0000-000000000083', 'a4000000-0000-0000-0000-000000000005', 'e4000000-0000-0000-0000-000000000029', 'b4000000-0000-0000-0000-000000000024', 'CONTRIBUTOR'),
('f4000000-0000-0000-0000-000000000084', 'a4000000-0000-0000-0000-000000000005', 'e4000000-0000-0000-0000-000000000030', 'b4000000-0000-0000-0000-000000000022', 'MANAGER'),
('f4000000-0000-0000-0000-000000000085', 'a4000000-0000-0000-0000-000000000005', 'e4000000-0000-0000-0000-000000000030', 'b4000000-0000-0000-0000-000000000024', 'CONTRIBUTOR'),
('f4000000-0000-0000-0000-000000000086', 'a4000000-0000-0000-0000-000000000005', 'e4000000-0000-0000-0000-000000000030', 'b4000000-0000-0000-0000-000000000023', 'CONTRIBUTOR');

-- 7. PROJECT TASKS
INSERT INTO project_tasks (id, team_id, project_id, name, description, status, billable, hourly_rate_cents, tags, order_index) VALUES
('a5000000-0000-0000-0000-000000000001', 'a4000000-0000-0000-0000-000000000001', 'e4000000-0000-0000-0000-000000000001', 'Discovery & Planning', 'Kickoff, requirements, planning, and stakeholder alignment for Luxury Storefront Refresh', 'active', TRUE, 16000, ARRAY['branding', 'delivery'], 1),
('a5000000-0000-0000-0000-000000000002', 'a4000000-0000-0000-0000-000000000001', 'e4000000-0000-0000-0000-000000000001', 'Implementation Sprint', 'Main build and delivery workstream for Luxury Storefront Refresh', 'active', TRUE, 16500, ARRAY['branding', 'delivery'], 2),
('a5000000-0000-0000-0000-000000000003', 'a4000000-0000-0000-0000-000000000001', 'e4000000-0000-0000-0000-000000000001', 'QA / Launch Support', 'Testing, launch coordination, and hypercare for Luxury Storefront Refresh', 'active', FALSE, NULL, ARRAY['branding', 'ops'], 3),
('a5000000-0000-0000-0000-000000000004', 'a4000000-0000-0000-0000-000000000001', 'e4000000-0000-0000-0000-000000000002', 'Discovery & Planning', 'Kickoff, requirements, planning, and stakeholder alignment for Campaign Microsite Factory', 'active', TRUE, 15500, ARRAY['marketing', 'delivery'], 1),
('a5000000-0000-0000-0000-000000000005', 'a4000000-0000-0000-0000-000000000001', 'e4000000-0000-0000-0000-000000000002', 'Implementation Sprint', 'Main build and delivery workstream for Campaign Microsite Factory', 'active', TRUE, 16000, ARRAY['marketing', 'delivery'], 2),
('a5000000-0000-0000-0000-000000000006', 'a4000000-0000-0000-0000-000000000001', 'e4000000-0000-0000-0000-000000000002', 'QA / Launch Support', 'Testing, launch coordination, and hypercare for Campaign Microsite Factory', 'active', FALSE, NULL, ARRAY['marketing', 'ops'], 3),
('a5000000-0000-0000-0000-000000000007', 'a4000000-0000-0000-0000-000000000001', 'e4000000-0000-0000-0000-000000000003', 'Discovery & Planning', 'Kickoff, requirements, planning, and stakeholder alignment for Influencer Asset Portal', 'completed', TRUE, 15000, ARRAY['portal', 'delivery'], 1),
('a5000000-0000-0000-0000-000000000008', 'a4000000-0000-0000-0000-000000000001', 'e4000000-0000-0000-0000-000000000003', 'Implementation Sprint', 'Main build and delivery workstream for Influencer Asset Portal', 'completed', TRUE, 15500, ARRAY['portal', 'delivery'], 2),
('a5000000-0000-0000-0000-000000000009', 'a4000000-0000-0000-0000-000000000001', 'e4000000-0000-0000-0000-000000000003', 'QA / Launch Support', 'Testing, launch coordination, and hypercare for Influencer Asset Portal', 'completed', FALSE, NULL, ARRAY['portal', 'ops'], 3),
('a5000000-0000-0000-0000-000000000010', 'a4000000-0000-0000-0000-000000000001', 'e4000000-0000-0000-0000-000000000004', 'Discovery & Planning', 'Kickoff, requirements, planning, and stakeholder alignment for Subscription Checkout Optimization', 'active', TRUE, 14500, ARRAY['growth', 'delivery'], 1),
('a5000000-0000-0000-0000-000000000011', 'a4000000-0000-0000-0000-000000000001', 'e4000000-0000-0000-0000-000000000004', 'Implementation Sprint', 'Main build and delivery workstream for Subscription Checkout Optimization', 'active', TRUE, 15000, ARRAY['growth', 'delivery'], 2),
('a5000000-0000-0000-0000-000000000012', 'a4000000-0000-0000-0000-000000000001', 'e4000000-0000-0000-0000-000000000004', 'QA / Launch Support', 'Testing, launch coordination, and hypercare for Subscription Checkout Optimization', 'active', FALSE, NULL, ARRAY['growth', 'ops'], 3),
('a5000000-0000-0000-0000-000000000013', 'a4000000-0000-0000-0000-000000000001', 'e4000000-0000-0000-0000-000000000005', 'Discovery & Planning', 'Kickoff, requirements, planning, and stakeholder alignment for Packaging Feedback Dashboard', 'active', TRUE, 14000, ARRAY['dashboard', 'delivery'], 1),
('a5000000-0000-0000-0000-000000000014', 'a4000000-0000-0000-0000-000000000001', 'e4000000-0000-0000-0000-000000000005', 'Implementation Sprint', 'Main build and delivery workstream for Packaging Feedback Dashboard', 'on_hold', TRUE, 14500, ARRAY['dashboard', 'delivery'], 2),
('a5000000-0000-0000-0000-000000000015', 'a4000000-0000-0000-0000-000000000001', 'e4000000-0000-0000-0000-000000000005', 'QA / Launch Support', 'Testing, launch coordination, and hypercare for Packaging Feedback Dashboard', 'active', FALSE, NULL, ARRAY['dashboard', 'ops'], 3),
('a5000000-0000-0000-0000-000000000016', 'a4000000-0000-0000-0000-000000000001', 'e4000000-0000-0000-0000-000000000006', 'Discovery & Planning', 'Kickoff, requirements, planning, and stakeholder alignment for Franchise Location CMS', 'active', TRUE, 14200, ARRAY['cms', 'delivery'], 1),
('a5000000-0000-0000-0000-000000000017', 'a4000000-0000-0000-0000-000000000001', 'e4000000-0000-0000-0000-000000000006', 'Implementation Sprint', 'Main build and delivery workstream for Franchise Location CMS', 'active', TRUE, 14700, ARRAY['cms', 'delivery'], 2),
('a5000000-0000-0000-0000-000000000018', 'a4000000-0000-0000-0000-000000000001', 'e4000000-0000-0000-0000-000000000006', 'QA / Launch Support', 'Testing, launch coordination, and hypercare for Franchise Location CMS', 'active', FALSE, NULL, ARRAY['cms', 'ops'], 3),
('a5000000-0000-0000-0000-000000000019', 'a4000000-0000-0000-0000-000000000002', 'e4000000-0000-0000-0000-000000000007', 'Discovery & Planning', 'Kickoff, requirements, planning, and stakeholder alignment for Fleet Control Tower', 'active', TRUE, 26000, ARRAY['logistics', 'delivery'], 1),
('a5000000-0000-0000-0000-000000000020', 'a4000000-0000-0000-0000-000000000002', 'e4000000-0000-0000-0000-000000000007', 'Implementation Sprint', 'Main build and delivery workstream for Fleet Control Tower', 'active', TRUE, 26500, ARRAY['logistics', 'delivery'], 2),
('a5000000-0000-0000-0000-000000000021', 'a4000000-0000-0000-0000-000000000002', 'e4000000-0000-0000-0000-000000000007', 'QA / Launch Support', 'Testing, launch coordination, and hypercare for Fleet Control Tower', 'active', FALSE, NULL, ARRAY['logistics', 'ops'], 3),
('a5000000-0000-0000-0000-000000000022', 'a4000000-0000-0000-0000-000000000002', 'e4000000-0000-0000-0000-000000000008', 'Discovery & Planning', 'Kickoff, requirements, planning, and stakeholder alignment for Warehouse K8s Migration', 'active', TRUE, 27000, ARRAY['kubernetes', 'delivery'], 1),
('a5000000-0000-0000-0000-000000000023', 'a4000000-0000-0000-0000-000000000002', 'e4000000-0000-0000-0000-000000000008', 'Implementation Sprint', 'Main build and delivery workstream for Warehouse K8s Migration', 'active', TRUE, 27500, ARRAY['kubernetes', 'delivery'], 2),
('a5000000-0000-0000-0000-000000000024', 'a4000000-0000-0000-0000-000000000002', 'e4000000-0000-0000-0000-000000000008', 'QA / Launch Support', 'Testing, launch coordination, and hypercare for Warehouse K8s Migration', 'active', FALSE, NULL, ARRAY['kubernetes', 'ops'], 3),
('a5000000-0000-0000-0000-000000000025', 'a4000000-0000-0000-0000-000000000002', 'e4000000-0000-0000-0000-000000000009', 'Discovery & Planning', 'Kickoff, requirements, planning, and stakeholder alignment for Driver Incident App API', 'completed', TRUE, 25500, ARRAY['api', 'delivery'], 1),
('a5000000-0000-0000-0000-000000000026', 'a4000000-0000-0000-0000-000000000002', 'e4000000-0000-0000-0000-000000000009', 'Implementation Sprint', 'Main build and delivery workstream for Driver Incident App API', 'completed', TRUE, 26000, ARRAY['api', 'delivery'], 2),
('a5000000-0000-0000-0000-000000000027', 'a4000000-0000-0000-0000-000000000002', 'e4000000-0000-0000-0000-000000000009', 'QA / Launch Support', 'Testing, launch coordination, and hypercare for Driver Incident App API', 'completed', FALSE, NULL, ARRAY['api', 'ops'], 3),
('a5000000-0000-0000-0000-000000000028', 'a4000000-0000-0000-0000-000000000002', 'e4000000-0000-0000-0000-000000000010', 'Discovery & Planning', 'Kickoff, requirements, planning, and stakeholder alignment for Zero Trust Rollout', 'active', TRUE, 28000, ARRAY['security', 'delivery'], 1),
('a5000000-0000-0000-0000-000000000029', 'a4000000-0000-0000-0000-000000000002', 'e4000000-0000-0000-0000-000000000010', 'Implementation Sprint', 'Main build and delivery workstream for Zero Trust Rollout', 'active', TRUE, 28500, ARRAY['security', 'delivery'], 2),
('a5000000-0000-0000-0000-000000000030', 'a4000000-0000-0000-0000-000000000002', 'e4000000-0000-0000-0000-000000000010', 'QA / Launch Support', 'Testing, launch coordination, and hypercare for Zero Trust Rollout', 'active', FALSE, NULL, ARRAY['security', 'ops'], 3),
('a5000000-0000-0000-0000-000000000031', 'a4000000-0000-0000-0000-000000000002', 'e4000000-0000-0000-0000-000000000011', 'Discovery & Planning', 'Kickoff, requirements, planning, and stakeholder alignment for FinOps Savings Explorer', 'active', TRUE, 27500, ARRAY['finops', 'delivery'], 1),
('a5000000-0000-0000-0000-000000000032', 'a4000000-0000-0000-0000-000000000002', 'e4000000-0000-0000-0000-000000000011', 'Implementation Sprint', 'Main build and delivery workstream for FinOps Savings Explorer', 'active', TRUE, 28000, ARRAY['finops', 'delivery'], 2),
('a5000000-0000-0000-0000-000000000033', 'a4000000-0000-0000-0000-000000000002', 'e4000000-0000-0000-0000-000000000011', 'QA / Launch Support', 'Testing, launch coordination, and hypercare for FinOps Savings Explorer', 'active', FALSE, NULL, ARRAY['finops', 'ops'], 3),
('a5000000-0000-0000-0000-000000000034', 'a4000000-0000-0000-0000-000000000002', 'e4000000-0000-0000-0000-000000000012', 'Discovery & Planning', 'Kickoff, requirements, planning, and stakeholder alignment for Disaster Recovery Drills', 'completed', TRUE, 26500, ARRAY['dr', 'delivery'], 1),
('a5000000-0000-0000-0000-000000000035', 'a4000000-0000-0000-0000-000000000002', 'e4000000-0000-0000-0000-000000000012', 'Implementation Sprint', 'Main build and delivery workstream for Disaster Recovery Drills', 'completed', TRUE, 27000, ARRAY['dr', 'delivery'], 2),
('a5000000-0000-0000-0000-000000000036', 'a4000000-0000-0000-0000-000000000002', 'e4000000-0000-0000-0000-000000000012', 'QA / Launch Support', 'Testing, launch coordination, and hypercare for Disaster Recovery Drills', 'completed', FALSE, NULL, ARRAY['dr', 'ops'], 3),
('a5000000-0000-0000-0000-000000000037', 'a4000000-0000-0000-0000-000000000003', 'e4000000-0000-0000-0000-000000000013', 'Discovery & Planning', 'Kickoff, requirements, planning, and stakeholder alignment for Patient App Revamp', 'active', TRUE, 19000, ARRAY['mobile', 'delivery'], 1),
('a5000000-0000-0000-0000-000000000038', 'a4000000-0000-0000-0000-000000000003', 'e4000000-0000-0000-0000-000000000013', 'Implementation Sprint', 'Main build and delivery workstream for Patient App Revamp', 'active', TRUE, 19500, ARRAY['mobile', 'delivery'], 2),
('a5000000-0000-0000-0000-000000000039', 'a4000000-0000-0000-0000-000000000003', 'e4000000-0000-0000-0000-000000000013', 'QA / Launch Support', 'Testing, launch coordination, and hypercare for Patient App Revamp', 'active', FALSE, NULL, ARRAY['mobile', 'ops'], 3),
('a5000000-0000-0000-0000-000000000040', 'a4000000-0000-0000-0000-000000000003', 'e4000000-0000-0000-0000-000000000014', 'Discovery & Planning', 'Kickoff, requirements, planning, and stakeholder alignment for Telemedicine Booking Portal', 'active', TRUE, 19500, ARRAY['portal', 'delivery'], 1),
('a5000000-0000-0000-0000-000000000041', 'a4000000-0000-0000-0000-000000000003', 'e4000000-0000-0000-0000-000000000014', 'Implementation Sprint', 'Main build and delivery workstream for Telemedicine Booking Portal', 'active', TRUE, 20000, ARRAY['portal', 'delivery'], 2),
('a5000000-0000-0000-0000-000000000042', 'a4000000-0000-0000-0000-000000000003', 'e4000000-0000-0000-0000-000000000014', 'QA / Launch Support', 'Testing, launch coordination, and hypercare for Telemedicine Booking Portal', 'active', FALSE, NULL, ARRAY['portal', 'ops'], 3),
('a5000000-0000-0000-0000-000000000043', 'a4000000-0000-0000-0000-000000000003', 'e4000000-0000-0000-0000-000000000015', 'Discovery & Planning', 'Kickoff, requirements, planning, and stakeholder alignment for Insurance Claim Sync', 'completed', TRUE, 18500, ARRAY['integration', 'delivery'], 1),
('a5000000-0000-0000-0000-000000000044', 'a4000000-0000-0000-0000-000000000003', 'e4000000-0000-0000-0000-000000000015', 'Implementation Sprint', 'Main build and delivery workstream for Insurance Claim Sync', 'completed', TRUE, 19000, ARRAY['integration', 'delivery'], 2),
('a5000000-0000-0000-0000-000000000045', 'a4000000-0000-0000-0000-000000000003', 'e4000000-0000-0000-0000-000000000015', 'QA / Launch Support', 'Testing, launch coordination, and hypercare for Insurance Claim Sync', 'completed', FALSE, NULL, ARRAY['integration', 'ops'], 3),
('a5000000-0000-0000-0000-000000000046', 'a4000000-0000-0000-0000-000000000003', 'e4000000-0000-0000-0000-000000000016', 'Discovery & Planning', 'Kickoff, requirements, planning, and stakeholder alignment for Nutrition Coach Dashboard', 'active', TRUE, 17500, ARRAY['dashboard', 'delivery'], 1),
('a5000000-0000-0000-0000-000000000047', 'a4000000-0000-0000-0000-000000000003', 'e4000000-0000-0000-0000-000000000016', 'Implementation Sprint', 'Main build and delivery workstream for Nutrition Coach Dashboard', 'active', TRUE, 18000, ARRAY['dashboard', 'delivery'], 2),
('a5000000-0000-0000-0000-000000000048', 'a4000000-0000-0000-0000-000000000003', 'e4000000-0000-0000-0000-000000000016', 'QA / Launch Support', 'Testing, launch coordination, and hypercare for Nutrition Coach Dashboard', 'active', FALSE, NULL, ARRAY['dashboard', 'ops'], 3),
('a5000000-0000-0000-0000-000000000049', 'a4000000-0000-0000-0000-000000000003', 'e4000000-0000-0000-0000-000000000017', 'Discovery & Planning', 'Kickoff, requirements, planning, and stakeholder alignment for Wearable Data Sync', 'active', TRUE, 17200, ARRAY['iot', 'delivery'], 1),
('a5000000-0000-0000-0000-000000000050', 'a4000000-0000-0000-0000-000000000003', 'e4000000-0000-0000-0000-000000000017', 'Implementation Sprint', 'Main build and delivery workstream for Wearable Data Sync', 'active', TRUE, 17700, ARRAY['iot', 'delivery'], 2),
('a5000000-0000-0000-0000-000000000051', 'a4000000-0000-0000-0000-000000000003', 'e4000000-0000-0000-0000-000000000017', 'QA / Launch Support', 'Testing, launch coordination, and hypercare for Wearable Data Sync', 'active', FALSE, NULL, ARRAY['iot', 'ops'], 3),
('a5000000-0000-0000-0000-000000000052', 'a4000000-0000-0000-0000-000000000003', 'e4000000-0000-0000-0000-000000000018', 'Discovery & Planning', 'Kickoff, requirements, planning, and stakeholder alignment for Habit Challenge Engine', 'active', TRUE, 17000, ARRAY['gamification', 'delivery'], 1),
('a5000000-0000-0000-0000-000000000053', 'a4000000-0000-0000-0000-000000000003', 'e4000000-0000-0000-0000-000000000018', 'Implementation Sprint', 'Main build and delivery workstream for Habit Challenge Engine', 'on_hold', TRUE, 17500, ARRAY['gamification', 'delivery'], 2),
('a5000000-0000-0000-0000-000000000054', 'a4000000-0000-0000-0000-000000000003', 'e4000000-0000-0000-0000-000000000018', 'QA / Launch Support', 'Testing, launch coordination, and hypercare for Habit Challenge Engine', 'active', FALSE, NULL, ARRAY['gamification', 'ops'], 3),
('a5000000-0000-0000-0000-000000000055', 'a4000000-0000-0000-0000-000000000004', 'e4000000-0000-0000-0000-000000000019', 'Discovery & Planning', 'Kickoff, requirements, planning, and stakeholder alignment for Executive Risk Dashboard', 'active', TRUE, 23000, ARRAY['bi', 'delivery'], 1),
('a5000000-0000-0000-0000-000000000056', 'a4000000-0000-0000-0000-000000000004', 'e4000000-0000-0000-0000-000000000019', 'Implementation Sprint', 'Main build and delivery workstream for Executive Risk Dashboard', 'active', TRUE, 23500, ARRAY['bi', 'delivery'], 2),
('a5000000-0000-0000-0000-000000000057', 'a4000000-0000-0000-0000-000000000004', 'e4000000-0000-0000-0000-000000000019', 'QA / Launch Support', 'Testing, launch coordination, and hypercare for Executive Risk Dashboard', 'active', FALSE, NULL, ARRAY['bi', 'ops'], 3),
('a5000000-0000-0000-0000-000000000058', 'a4000000-0000-0000-0000-000000000004', 'e4000000-0000-0000-0000-000000000020', 'Discovery & Planning', 'Kickoff, requirements, planning, and stakeholder alignment for Collections Workflow Automation', 'active', TRUE, 22800, ARRAY['automation', 'delivery'], 1),
('a5000000-0000-0000-0000-000000000059', 'a4000000-0000-0000-0000-000000000004', 'e4000000-0000-0000-0000-000000000020', 'Implementation Sprint', 'Main build and delivery workstream for Collections Workflow Automation', 'active', TRUE, 23300, ARRAY['automation', 'delivery'], 2),
('a5000000-0000-0000-0000-000000000060', 'a4000000-0000-0000-0000-000000000004', 'e4000000-0000-0000-0000-000000000020', 'QA / Launch Support', 'Testing, launch coordination, and hypercare for Collections Workflow Automation', 'active', FALSE, NULL, ARRAY['automation', 'ops'], 3),
('a5000000-0000-0000-0000-000000000061', 'a4000000-0000-0000-0000-000000000004', 'e4000000-0000-0000-0000-000000000021', 'Discovery & Planning', 'Kickoff, requirements, planning, and stakeholder alignment for Loan Origination UI Refresh', 'completed', TRUE, 22500, ARRAY['frontend', 'delivery'], 1),
('a5000000-0000-0000-0000-000000000062', 'a4000000-0000-0000-0000-000000000004', 'e4000000-0000-0000-0000-000000000021', 'Implementation Sprint', 'Main build and delivery workstream for Loan Origination UI Refresh', 'completed', TRUE, 23000, ARRAY['frontend', 'delivery'], 2),
('a5000000-0000-0000-0000-000000000063', 'a4000000-0000-0000-0000-000000000004', 'e4000000-0000-0000-0000-000000000021', 'QA / Launch Support', 'Testing, launch coordination, and hypercare for Loan Origination UI Refresh', 'completed', FALSE, NULL, ARRAY['frontend', 'ops'], 3),
('a5000000-0000-0000-0000-000000000064', 'a4000000-0000-0000-0000-000000000004', 'e4000000-0000-0000-0000-000000000022', 'Discovery & Planning', 'Kickoff, requirements, planning, and stakeholder alignment for Valuation Model Workbench', 'active', TRUE, 18200, ARRAY['mlops', 'delivery'], 1),
('a5000000-0000-0000-0000-000000000065', 'a4000000-0000-0000-0000-000000000004', 'e4000000-0000-0000-0000-000000000022', 'Implementation Sprint', 'Main build and delivery workstream for Valuation Model Workbench', 'active', TRUE, 18700, ARRAY['mlops', 'delivery'], 2),
('a5000000-0000-0000-0000-000000000066', 'a4000000-0000-0000-0000-000000000004', 'e4000000-0000-0000-0000-000000000022', 'QA / Launch Support', 'Testing, launch coordination, and hypercare for Valuation Model Workbench', 'active', FALSE, NULL, ARRAY['mlops', 'ops'], 3),
('a5000000-0000-0000-0000-000000000067', 'a4000000-0000-0000-0000-000000000004', 'e4000000-0000-0000-0000-000000000023', 'Discovery & Planning', 'Kickoff, requirements, planning, and stakeholder alignment for Broker Deal Tracker', 'active', TRUE, 18000, ARRAY['crm', 'delivery'], 1),
('a5000000-0000-0000-0000-000000000068', 'a4000000-0000-0000-0000-000000000004', 'e4000000-0000-0000-0000-000000000023', 'Implementation Sprint', 'Main build and delivery workstream for Broker Deal Tracker', 'active', TRUE, 18500, ARRAY['crm', 'delivery'], 2),
('a5000000-0000-0000-0000-000000000069', 'a4000000-0000-0000-0000-000000000004', 'e4000000-0000-0000-0000-000000000023', 'QA / Launch Support', 'Testing, launch coordination, and hypercare for Broker Deal Tracker', 'active', FALSE, NULL, ARRAY['crm', 'ops'], 3),
('a5000000-0000-0000-0000-000000000070', 'a4000000-0000-0000-0000-000000000004', 'e4000000-0000-0000-0000-000000000024', 'Discovery & Planning', 'Kickoff, requirements, planning, and stakeholder alignment for Investor Report Generator', 'completed', TRUE, 17800, ARRAY['reporting', 'delivery'], 1),
('a5000000-0000-0000-0000-000000000071', 'a4000000-0000-0000-0000-000000000004', 'e4000000-0000-0000-0000-000000000024', 'Implementation Sprint', 'Main build and delivery workstream for Investor Report Generator', 'completed', TRUE, 18300, ARRAY['reporting', 'delivery'], 2),
('a5000000-0000-0000-0000-000000000072', 'a4000000-0000-0000-0000-000000000004', 'e4000000-0000-0000-0000-000000000024', 'QA / Launch Support', 'Testing, launch coordination, and hypercare for Investor Report Generator', 'completed', FALSE, NULL, ARRAY['reporting', 'ops'], 3),
('a5000000-0000-0000-0000-000000000073', 'a4000000-0000-0000-0000-000000000005', 'e4000000-0000-0000-0000-000000000025', 'Discovery & Planning', 'Kickoff, requirements, planning, and stakeholder alignment for LMS Revamp', 'active', TRUE, 15500, ARRAY['edtech', 'delivery'], 1),
('a5000000-0000-0000-0000-000000000074', 'a4000000-0000-0000-0000-000000000005', 'e4000000-0000-0000-0000-000000000025', 'Implementation Sprint', 'Main build and delivery workstream for LMS Revamp', 'active', TRUE, 16000, ARRAY['edtech', 'delivery'], 2),
('a5000000-0000-0000-0000-000000000075', 'a4000000-0000-0000-0000-000000000005', 'e4000000-0000-0000-0000-000000000025', 'QA / Launch Support', 'Testing, launch coordination, and hypercare for LMS Revamp', 'active', FALSE, NULL, ARRAY['edtech', 'ops'], 3),
('a5000000-0000-0000-0000-000000000076', 'a4000000-0000-0000-0000-000000000005', 'e4000000-0000-0000-0000-000000000026', 'Discovery & Planning', 'Kickoff, requirements, planning, and stakeholder alignment for Adaptive Quiz Engine', 'active', TRUE, 15800, ARRAY['assessment', 'delivery'], 1),
('a5000000-0000-0000-0000-000000000077', 'a4000000-0000-0000-0000-000000000005', 'e4000000-0000-0000-0000-000000000026', 'Implementation Sprint', 'Main build and delivery workstream for Adaptive Quiz Engine', 'active', TRUE, 16300, ARRAY['assessment', 'delivery'], 2),
('a5000000-0000-0000-0000-000000000078', 'a4000000-0000-0000-0000-000000000005', 'e4000000-0000-0000-0000-000000000026', 'QA / Launch Support', 'Testing, launch coordination, and hypercare for Adaptive Quiz Engine', 'active', FALSE, NULL, ARRAY['assessment', 'ops'], 3),
('a5000000-0000-0000-0000-000000000079', 'a4000000-0000-0000-0000-000000000005', 'e4000000-0000-0000-0000-000000000027', 'Discovery & Planning', 'Kickoff, requirements, planning, and stakeholder alignment for Teacher Portal', 'completed', TRUE, 15000, ARRAY['portal', 'delivery'], 1),
('a5000000-0000-0000-0000-000000000080', 'a4000000-0000-0000-0000-000000000005', 'e4000000-0000-0000-0000-000000000027', 'Implementation Sprint', 'Main build and delivery workstream for Teacher Portal', 'completed', TRUE, 15500, ARRAY['portal', 'delivery'], 2),
('a5000000-0000-0000-0000-000000000081', 'a4000000-0000-0000-0000-000000000005', 'e4000000-0000-0000-0000-000000000027', 'QA / Launch Support', 'Testing, launch coordination, and hypercare for Teacher Portal', 'completed', FALSE, NULL, ARRAY['portal', 'ops'], 3),
('a5000000-0000-0000-0000-000000000082', 'a4000000-0000-0000-0000-000000000005', 'e4000000-0000-0000-0000-000000000028', 'Discovery & Planning', 'Kickoff, requirements, planning, and stakeholder alignment for Creator Media Kit CMS', 'active', TRUE, 13800, ARRAY['cms', 'delivery'], 1),
('a5000000-0000-0000-0000-000000000083', 'a4000000-0000-0000-0000-000000000005', 'e4000000-0000-0000-0000-000000000028', 'Implementation Sprint', 'Main build and delivery workstream for Creator Media Kit CMS', 'active', TRUE, 14300, ARRAY['cms', 'delivery'], 2),
('a5000000-0000-0000-0000-000000000084', 'a4000000-0000-0000-0000-000000000005', 'e4000000-0000-0000-0000-000000000028', 'QA / Launch Support', 'Testing, launch coordination, and hypercare for Creator Media Kit CMS', 'active', FALSE, NULL, ARRAY['cms', 'ops'], 3),
('a5000000-0000-0000-0000-000000000085', 'a4000000-0000-0000-0000-000000000005', 'e4000000-0000-0000-0000-000000000029', 'Discovery & Planning', 'Kickoff, requirements, planning, and stakeholder alignment for Affiliate Revenue Reporting', 'active', TRUE, 13600, ARRAY['reporting', 'delivery'], 1),
('a5000000-0000-0000-0000-000000000086', 'a4000000-0000-0000-0000-000000000005', 'e4000000-0000-0000-0000-000000000029', 'Implementation Sprint', 'Main build and delivery workstream for Affiliate Revenue Reporting', 'active', TRUE, 14100, ARRAY['reporting', 'delivery'], 2),
('a5000000-0000-0000-0000-000000000087', 'a4000000-0000-0000-0000-000000000005', 'e4000000-0000-0000-0000-000000000029', 'QA / Launch Support', 'Testing, launch coordination, and hypercare for Affiliate Revenue Reporting', 'active', FALSE, NULL, ARRAY['reporting', 'ops'], 3),
('a5000000-0000-0000-0000-000000000088', 'a4000000-0000-0000-0000-000000000005', 'e4000000-0000-0000-0000-000000000030', 'Discovery & Planning', 'Kickoff, requirements, planning, and stakeholder alignment for Trip Planner Community Feed', 'active', TRUE, 13500, ARRAY['community', 'delivery'], 1),
('a5000000-0000-0000-0000-000000000089', 'a4000000-0000-0000-0000-000000000005', 'e4000000-0000-0000-0000-000000000030', 'Implementation Sprint', 'Main build and delivery workstream for Trip Planner Community Feed', 'on_hold', TRUE, 14000, ARRAY['community', 'delivery'], 2),
('a5000000-0000-0000-0000-000000000090', 'a4000000-0000-0000-0000-000000000005', 'e4000000-0000-0000-0000-000000000030', 'QA / Launch Support', 'Testing, launch coordination, and hypercare for Trip Planner Community Feed', 'active', FALSE, NULL, ARRAY['community', 'ops'], 3);

-- 8. TASK ASSIGNEES
INSERT INTO task_assignees (id, team_id, task_id, user_id) VALUES
('b5000000-0000-0000-0000-000000000001', 'a4000000-0000-0000-0000-000000000001', 'a5000000-0000-0000-0000-000000000001', 'b4000000-0000-0000-0000-000000000001'),
('b5000000-0000-0000-0000-000000000002', 'a4000000-0000-0000-0000-000000000001', 'a5000000-0000-0000-0000-000000000001', 'b4000000-0000-0000-0000-000000000003'),
('b5000000-0000-0000-0000-000000000003', 'a4000000-0000-0000-0000-000000000001', 'a5000000-0000-0000-0000-000000000002', 'b4000000-0000-0000-0000-000000000001'),
('b5000000-0000-0000-0000-000000000004', 'a4000000-0000-0000-0000-000000000001', 'a5000000-0000-0000-0000-000000000002', 'b4000000-0000-0000-0000-000000000004'),
('b5000000-0000-0000-0000-000000000005', 'a4000000-0000-0000-0000-000000000001', 'a5000000-0000-0000-0000-000000000002', 'b4000000-0000-0000-0000-000000000003'),
('b5000000-0000-0000-0000-000000000006', 'a4000000-0000-0000-0000-000000000001', 'a5000000-0000-0000-0000-000000000003', 'b4000000-0000-0000-0000-000000000001'),
('b5000000-0000-0000-0000-000000000007', 'a4000000-0000-0000-0000-000000000001', 'a5000000-0000-0000-0000-000000000003', 'b4000000-0000-0000-0000-000000000003'),
('b5000000-0000-0000-0000-000000000008', 'a4000000-0000-0000-0000-000000000001', 'a5000000-0000-0000-0000-000000000004', 'b4000000-0000-0000-0000-000000000002'),
('b5000000-0000-0000-0000-000000000009', 'a4000000-0000-0000-0000-000000000001', 'a5000000-0000-0000-0000-000000000004', 'b4000000-0000-0000-0000-000000000005'),
('b5000000-0000-0000-0000-000000000010', 'a4000000-0000-0000-0000-000000000001', 'a5000000-0000-0000-0000-000000000004', 'b4000000-0000-0000-0000-000000000004'),
('b5000000-0000-0000-0000-000000000011', 'a4000000-0000-0000-0000-000000000001', 'a5000000-0000-0000-0000-000000000005', 'b4000000-0000-0000-0000-000000000002'),
('b5000000-0000-0000-0000-000000000012', 'a4000000-0000-0000-0000-000000000001', 'a5000000-0000-0000-0000-000000000005', 'b4000000-0000-0000-0000-000000000004'),
('b5000000-0000-0000-0000-000000000013', 'a4000000-0000-0000-0000-000000000001', 'a5000000-0000-0000-0000-000000000006', 'b4000000-0000-0000-0000-000000000002'),
('b5000000-0000-0000-0000-000000000014', 'a4000000-0000-0000-0000-000000000001', 'a5000000-0000-0000-0000-000000000006', 'b4000000-0000-0000-0000-000000000005'),
('b5000000-0000-0000-0000-000000000015', 'a4000000-0000-0000-0000-000000000001', 'a5000000-0000-0000-0000-000000000006', 'b4000000-0000-0000-0000-000000000004'),
('b5000000-0000-0000-0000-000000000016', 'a4000000-0000-0000-0000-000000000001', 'a5000000-0000-0000-0000-000000000007', 'b4000000-0000-0000-0000-000000000001'),
('b5000000-0000-0000-0000-000000000017', 'a4000000-0000-0000-0000-000000000001', 'a5000000-0000-0000-0000-000000000007', 'b4000000-0000-0000-0000-000000000003'),
('b5000000-0000-0000-0000-000000000018', 'a4000000-0000-0000-0000-000000000001', 'a5000000-0000-0000-0000-000000000008', 'b4000000-0000-0000-0000-000000000001'),
('b5000000-0000-0000-0000-000000000019', 'a4000000-0000-0000-0000-000000000001', 'a5000000-0000-0000-0000-000000000008', 'b4000000-0000-0000-0000-000000000004'),
('b5000000-0000-0000-0000-000000000020', 'a4000000-0000-0000-0000-000000000001', 'a5000000-0000-0000-0000-000000000008', 'b4000000-0000-0000-0000-000000000003'),
('b5000000-0000-0000-0000-000000000021', 'a4000000-0000-0000-0000-000000000001', 'a5000000-0000-0000-0000-000000000009', 'b4000000-0000-0000-0000-000000000001'),
('b5000000-0000-0000-0000-000000000022', 'a4000000-0000-0000-0000-000000000001', 'a5000000-0000-0000-0000-000000000009', 'b4000000-0000-0000-0000-000000000003'),
('b5000000-0000-0000-0000-000000000023', 'a4000000-0000-0000-0000-000000000001', 'a5000000-0000-0000-0000-000000000010', 'b4000000-0000-0000-0000-000000000002'),
('b5000000-0000-0000-0000-000000000024', 'a4000000-0000-0000-0000-000000000001', 'a5000000-0000-0000-0000-000000000010', 'b4000000-0000-0000-0000-000000000004'),
('b5000000-0000-0000-0000-000000000025', 'a4000000-0000-0000-0000-000000000001', 'a5000000-0000-0000-0000-000000000011', 'b4000000-0000-0000-0000-000000000002'),
('b5000000-0000-0000-0000-000000000026', 'a4000000-0000-0000-0000-000000000001', 'a5000000-0000-0000-0000-000000000011', 'b4000000-0000-0000-0000-000000000004'),
('b5000000-0000-0000-0000-000000000027', 'a4000000-0000-0000-0000-000000000001', 'a5000000-0000-0000-0000-000000000012', 'b4000000-0000-0000-0000-000000000002'),
('b5000000-0000-0000-0000-000000000028', 'a4000000-0000-0000-0000-000000000001', 'a5000000-0000-0000-0000-000000000012', 'b4000000-0000-0000-0000-000000000004'),
('b5000000-0000-0000-0000-000000000029', 'a4000000-0000-0000-0000-000000000001', 'a5000000-0000-0000-0000-000000000013', 'b4000000-0000-0000-0000-000000000001'),
('b5000000-0000-0000-0000-000000000030', 'a4000000-0000-0000-0000-000000000001', 'a5000000-0000-0000-0000-000000000013', 'b4000000-0000-0000-0000-000000000003'),
('b5000000-0000-0000-0000-000000000031', 'a4000000-0000-0000-0000-000000000001', 'a5000000-0000-0000-0000-000000000014', 'b4000000-0000-0000-0000-000000000001'),
('b5000000-0000-0000-0000-000000000032', 'a4000000-0000-0000-0000-000000000001', 'a5000000-0000-0000-0000-000000000014', 'b4000000-0000-0000-0000-000000000005'),
('b5000000-0000-0000-0000-000000000033', 'a4000000-0000-0000-0000-000000000001', 'a5000000-0000-0000-0000-000000000014', 'b4000000-0000-0000-0000-000000000003'),
('b5000000-0000-0000-0000-000000000034', 'a4000000-0000-0000-0000-000000000001', 'a5000000-0000-0000-0000-000000000015', 'b4000000-0000-0000-0000-000000000001'),
('b5000000-0000-0000-0000-000000000035', 'a4000000-0000-0000-0000-000000000001', 'a5000000-0000-0000-0000-000000000015', 'b4000000-0000-0000-0000-000000000003'),
('b5000000-0000-0000-0000-000000000036', 'a4000000-0000-0000-0000-000000000001', 'a5000000-0000-0000-0000-000000000016', 'b4000000-0000-0000-0000-000000000002'),
('b5000000-0000-0000-0000-000000000037', 'a4000000-0000-0000-0000-000000000001', 'a5000000-0000-0000-0000-000000000016', 'b4000000-0000-0000-0000-000000000004'),
('b5000000-0000-0000-0000-000000000038', 'a4000000-0000-0000-0000-000000000001', 'a5000000-0000-0000-0000-000000000017', 'b4000000-0000-0000-0000-000000000002'),
('b5000000-0000-0000-0000-000000000039', 'a4000000-0000-0000-0000-000000000001', 'a5000000-0000-0000-0000-000000000017', 'b4000000-0000-0000-0000-000000000004'),
('b5000000-0000-0000-0000-000000000040', 'a4000000-0000-0000-0000-000000000001', 'a5000000-0000-0000-0000-000000000018', 'b4000000-0000-0000-0000-000000000002'),
('b5000000-0000-0000-0000-000000000041', 'a4000000-0000-0000-0000-000000000001', 'a5000000-0000-0000-0000-000000000018', 'b4000000-0000-0000-0000-000000000004'),
('b5000000-0000-0000-0000-000000000042', 'a4000000-0000-0000-0000-000000000002', 'a5000000-0000-0000-0000-000000000019', 'b4000000-0000-0000-0000-000000000006'),
('b5000000-0000-0000-0000-000000000043', 'a4000000-0000-0000-0000-000000000002', 'a5000000-0000-0000-0000-000000000019', 'b4000000-0000-0000-0000-000000000008'),
('b5000000-0000-0000-0000-000000000044', 'a4000000-0000-0000-0000-000000000002', 'a5000000-0000-0000-0000-000000000020', 'b4000000-0000-0000-0000-000000000006'),
('b5000000-0000-0000-0000-000000000045', 'a4000000-0000-0000-0000-000000000002', 'a5000000-0000-0000-0000-000000000020', 'b4000000-0000-0000-0000-000000000009'),
('b5000000-0000-0000-0000-000000000046', 'a4000000-0000-0000-0000-000000000002', 'a5000000-0000-0000-0000-000000000020', 'b4000000-0000-0000-0000-000000000008'),
('b5000000-0000-0000-0000-000000000047', 'a4000000-0000-0000-0000-000000000002', 'a5000000-0000-0000-0000-000000000021', 'b4000000-0000-0000-0000-000000000006'),
('b5000000-0000-0000-0000-000000000048', 'a4000000-0000-0000-0000-000000000002', 'a5000000-0000-0000-0000-000000000021', 'b4000000-0000-0000-0000-000000000008'),
('b5000000-0000-0000-0000-000000000049', 'a4000000-0000-0000-0000-000000000002', 'a5000000-0000-0000-0000-000000000022', 'b4000000-0000-0000-0000-000000000007'),
('b5000000-0000-0000-0000-000000000050', 'a4000000-0000-0000-0000-000000000002', 'a5000000-0000-0000-0000-000000000022', 'b4000000-0000-0000-0000-000000000010'),
('b5000000-0000-0000-0000-000000000051', 'a4000000-0000-0000-0000-000000000002', 'a5000000-0000-0000-0000-000000000022', 'b4000000-0000-0000-0000-000000000009'),
('b5000000-0000-0000-0000-000000000052', 'a4000000-0000-0000-0000-000000000002', 'a5000000-0000-0000-0000-000000000023', 'b4000000-0000-0000-0000-000000000007'),
('b5000000-0000-0000-0000-000000000053', 'a4000000-0000-0000-0000-000000000002', 'a5000000-0000-0000-0000-000000000023', 'b4000000-0000-0000-0000-000000000009'),
('b5000000-0000-0000-0000-000000000054', 'a4000000-0000-0000-0000-000000000002', 'a5000000-0000-0000-0000-000000000024', 'b4000000-0000-0000-0000-000000000007'),
('b5000000-0000-0000-0000-000000000055', 'a4000000-0000-0000-0000-000000000002', 'a5000000-0000-0000-0000-000000000024', 'b4000000-0000-0000-0000-000000000010'),
('b5000000-0000-0000-0000-000000000056', 'a4000000-0000-0000-0000-000000000002', 'a5000000-0000-0000-0000-000000000024', 'b4000000-0000-0000-0000-000000000009'),
('b5000000-0000-0000-0000-000000000057', 'a4000000-0000-0000-0000-000000000002', 'a5000000-0000-0000-0000-000000000025', 'b4000000-0000-0000-0000-000000000006'),
('b5000000-0000-0000-0000-000000000058', 'a4000000-0000-0000-0000-000000000002', 'a5000000-0000-0000-0000-000000000025', 'b4000000-0000-0000-0000-000000000008'),
('b5000000-0000-0000-0000-000000000059', 'a4000000-0000-0000-0000-000000000002', 'a5000000-0000-0000-0000-000000000026', 'b4000000-0000-0000-0000-000000000006'),
('b5000000-0000-0000-0000-000000000060', 'a4000000-0000-0000-0000-000000000002', 'a5000000-0000-0000-0000-000000000026', 'b4000000-0000-0000-0000-000000000009'),
('b5000000-0000-0000-0000-000000000061', 'a4000000-0000-0000-0000-000000000002', 'a5000000-0000-0000-0000-000000000026', 'b4000000-0000-0000-0000-000000000008'),
('b5000000-0000-0000-0000-000000000062', 'a4000000-0000-0000-0000-000000000002', 'a5000000-0000-0000-0000-000000000027', 'b4000000-0000-0000-0000-000000000006'),
('b5000000-0000-0000-0000-000000000063', 'a4000000-0000-0000-0000-000000000002', 'a5000000-0000-0000-0000-000000000027', 'b4000000-0000-0000-0000-000000000008'),
('b5000000-0000-0000-0000-000000000064', 'a4000000-0000-0000-0000-000000000002', 'a5000000-0000-0000-0000-000000000028', 'b4000000-0000-0000-0000-000000000007'),
('b5000000-0000-0000-0000-000000000065', 'a4000000-0000-0000-0000-000000000002', 'a5000000-0000-0000-0000-000000000028', 'b4000000-0000-0000-0000-000000000009'),
('b5000000-0000-0000-0000-000000000066', 'a4000000-0000-0000-0000-000000000002', 'a5000000-0000-0000-0000-000000000029', 'b4000000-0000-0000-0000-000000000007'),
('b5000000-0000-0000-0000-000000000067', 'a4000000-0000-0000-0000-000000000002', 'a5000000-0000-0000-0000-000000000029', 'b4000000-0000-0000-0000-000000000009'),
('b5000000-0000-0000-0000-000000000068', 'a4000000-0000-0000-0000-000000000002', 'a5000000-0000-0000-0000-000000000030', 'b4000000-0000-0000-0000-000000000007'),
('b5000000-0000-0000-0000-000000000069', 'a4000000-0000-0000-0000-000000000002', 'a5000000-0000-0000-0000-000000000030', 'b4000000-0000-0000-0000-000000000009'),
('b5000000-0000-0000-0000-000000000070', 'a4000000-0000-0000-0000-000000000002', 'a5000000-0000-0000-0000-000000000031', 'b4000000-0000-0000-0000-000000000006'),
('b5000000-0000-0000-0000-000000000071', 'a4000000-0000-0000-0000-000000000002', 'a5000000-0000-0000-0000-000000000031', 'b4000000-0000-0000-0000-000000000008'),
('b5000000-0000-0000-0000-000000000072', 'a4000000-0000-0000-0000-000000000002', 'a5000000-0000-0000-0000-000000000032', 'b4000000-0000-0000-0000-000000000006'),
('b5000000-0000-0000-0000-000000000073', 'a4000000-0000-0000-0000-000000000002', 'a5000000-0000-0000-0000-000000000032', 'b4000000-0000-0000-0000-000000000010'),
('b5000000-0000-0000-0000-000000000074', 'a4000000-0000-0000-0000-000000000002', 'a5000000-0000-0000-0000-000000000032', 'b4000000-0000-0000-0000-000000000008'),
('b5000000-0000-0000-0000-000000000075', 'a4000000-0000-0000-0000-000000000002', 'a5000000-0000-0000-0000-000000000033', 'b4000000-0000-0000-0000-000000000006'),
('b5000000-0000-0000-0000-000000000076', 'a4000000-0000-0000-0000-000000000002', 'a5000000-0000-0000-0000-000000000033', 'b4000000-0000-0000-0000-000000000008'),
('b5000000-0000-0000-0000-000000000077', 'a4000000-0000-0000-0000-000000000002', 'a5000000-0000-0000-0000-000000000034', 'b4000000-0000-0000-0000-000000000007'),
('b5000000-0000-0000-0000-000000000078', 'a4000000-0000-0000-0000-000000000002', 'a5000000-0000-0000-0000-000000000034', 'b4000000-0000-0000-0000-000000000009'),
('b5000000-0000-0000-0000-000000000079', 'a4000000-0000-0000-0000-000000000002', 'a5000000-0000-0000-0000-000000000035', 'b4000000-0000-0000-0000-000000000007'),
('b5000000-0000-0000-0000-000000000080', 'a4000000-0000-0000-0000-000000000002', 'a5000000-0000-0000-0000-000000000035', 'b4000000-0000-0000-0000-000000000009'),
('b5000000-0000-0000-0000-000000000081', 'a4000000-0000-0000-0000-000000000002', 'a5000000-0000-0000-0000-000000000036', 'b4000000-0000-0000-0000-000000000007'),
('b5000000-0000-0000-0000-000000000082', 'a4000000-0000-0000-0000-000000000002', 'a5000000-0000-0000-0000-000000000036', 'b4000000-0000-0000-0000-000000000009'),
('b5000000-0000-0000-0000-000000000083', 'a4000000-0000-0000-0000-000000000003', 'a5000000-0000-0000-0000-000000000037', 'b4000000-0000-0000-0000-000000000011'),
('b5000000-0000-0000-0000-000000000084', 'a4000000-0000-0000-0000-000000000003', 'a5000000-0000-0000-0000-000000000037', 'b4000000-0000-0000-0000-000000000013'),
('b5000000-0000-0000-0000-000000000085', 'a4000000-0000-0000-0000-000000000003', 'a5000000-0000-0000-0000-000000000038', 'b4000000-0000-0000-0000-000000000011'),
('b5000000-0000-0000-0000-000000000086', 'a4000000-0000-0000-0000-000000000003', 'a5000000-0000-0000-0000-000000000038', 'b4000000-0000-0000-0000-000000000014'),
('b5000000-0000-0000-0000-000000000087', 'a4000000-0000-0000-0000-000000000003', 'a5000000-0000-0000-0000-000000000038', 'b4000000-0000-0000-0000-000000000013'),
('b5000000-0000-0000-0000-000000000088', 'a4000000-0000-0000-0000-000000000003', 'a5000000-0000-0000-0000-000000000039', 'b4000000-0000-0000-0000-000000000011'),
('b5000000-0000-0000-0000-000000000089', 'a4000000-0000-0000-0000-000000000003', 'a5000000-0000-0000-0000-000000000039', 'b4000000-0000-0000-0000-000000000013'),
('b5000000-0000-0000-0000-000000000090', 'a4000000-0000-0000-0000-000000000003', 'a5000000-0000-0000-0000-000000000040', 'b4000000-0000-0000-0000-000000000012'),
('b5000000-0000-0000-0000-000000000091', 'a4000000-0000-0000-0000-000000000003', 'a5000000-0000-0000-0000-000000000040', 'b4000000-0000-0000-0000-000000000015'),
('b5000000-0000-0000-0000-000000000092', 'a4000000-0000-0000-0000-000000000003', 'a5000000-0000-0000-0000-000000000040', 'b4000000-0000-0000-0000-000000000014'),
('b5000000-0000-0000-0000-000000000093', 'a4000000-0000-0000-0000-000000000003', 'a5000000-0000-0000-0000-000000000041', 'b4000000-0000-0000-0000-000000000012'),
('b5000000-0000-0000-0000-000000000094', 'a4000000-0000-0000-0000-000000000003', 'a5000000-0000-0000-0000-000000000041', 'b4000000-0000-0000-0000-000000000014'),
('b5000000-0000-0000-0000-000000000095', 'a4000000-0000-0000-0000-000000000003', 'a5000000-0000-0000-0000-000000000042', 'b4000000-0000-0000-0000-000000000012'),
('b5000000-0000-0000-0000-000000000096', 'a4000000-0000-0000-0000-000000000003', 'a5000000-0000-0000-0000-000000000042', 'b4000000-0000-0000-0000-000000000015'),
('b5000000-0000-0000-0000-000000000097', 'a4000000-0000-0000-0000-000000000003', 'a5000000-0000-0000-0000-000000000042', 'b4000000-0000-0000-0000-000000000014'),
('b5000000-0000-0000-0000-000000000098', 'a4000000-0000-0000-0000-000000000003', 'a5000000-0000-0000-0000-000000000043', 'b4000000-0000-0000-0000-000000000011'),
('b5000000-0000-0000-0000-000000000099', 'a4000000-0000-0000-0000-000000000003', 'a5000000-0000-0000-0000-000000000043', 'b4000000-0000-0000-0000-000000000013'),
('b5000000-0000-0000-0000-000000000100', 'a4000000-0000-0000-0000-000000000003', 'a5000000-0000-0000-0000-000000000044', 'b4000000-0000-0000-0000-000000000011'),
('b5000000-0000-0000-0000-000000000101', 'a4000000-0000-0000-0000-000000000003', 'a5000000-0000-0000-0000-000000000044', 'b4000000-0000-0000-0000-000000000014'),
('b5000000-0000-0000-0000-000000000102', 'a4000000-0000-0000-0000-000000000003', 'a5000000-0000-0000-0000-000000000044', 'b4000000-0000-0000-0000-000000000013'),
('b5000000-0000-0000-0000-000000000103', 'a4000000-0000-0000-0000-000000000003', 'a5000000-0000-0000-0000-000000000045', 'b4000000-0000-0000-0000-000000000011'),
('b5000000-0000-0000-0000-000000000104', 'a4000000-0000-0000-0000-000000000003', 'a5000000-0000-0000-0000-000000000045', 'b4000000-0000-0000-0000-000000000013'),
('b5000000-0000-0000-0000-000000000105', 'a4000000-0000-0000-0000-000000000003', 'a5000000-0000-0000-0000-000000000046', 'b4000000-0000-0000-0000-000000000012'),
('b5000000-0000-0000-0000-000000000106', 'a4000000-0000-0000-0000-000000000003', 'a5000000-0000-0000-0000-000000000046', 'b4000000-0000-0000-0000-000000000014'),
('b5000000-0000-0000-0000-000000000107', 'a4000000-0000-0000-0000-000000000003', 'a5000000-0000-0000-0000-000000000047', 'b4000000-0000-0000-0000-000000000012'),
('b5000000-0000-0000-0000-000000000108', 'a4000000-0000-0000-0000-000000000003', 'a5000000-0000-0000-0000-000000000047', 'b4000000-0000-0000-0000-000000000014'),
('b5000000-0000-0000-0000-000000000109', 'a4000000-0000-0000-0000-000000000003', 'a5000000-0000-0000-0000-000000000048', 'b4000000-0000-0000-0000-000000000012'),
('b5000000-0000-0000-0000-000000000110', 'a4000000-0000-0000-0000-000000000003', 'a5000000-0000-0000-0000-000000000048', 'b4000000-0000-0000-0000-000000000014'),
('b5000000-0000-0000-0000-000000000111', 'a4000000-0000-0000-0000-000000000003', 'a5000000-0000-0000-0000-000000000049', 'b4000000-0000-0000-0000-000000000011'),
('b5000000-0000-0000-0000-000000000112', 'a4000000-0000-0000-0000-000000000003', 'a5000000-0000-0000-0000-000000000049', 'b4000000-0000-0000-0000-000000000013'),
('b5000000-0000-0000-0000-000000000113', 'a4000000-0000-0000-0000-000000000003', 'a5000000-0000-0000-0000-000000000050', 'b4000000-0000-0000-0000-000000000011'),
('b5000000-0000-0000-0000-000000000114', 'a4000000-0000-0000-0000-000000000003', 'a5000000-0000-0000-0000-000000000050', 'b4000000-0000-0000-0000-000000000015'),
('b5000000-0000-0000-0000-000000000115', 'a4000000-0000-0000-0000-000000000003', 'a5000000-0000-0000-0000-000000000050', 'b4000000-0000-0000-0000-000000000013'),
('b5000000-0000-0000-0000-000000000116', 'a4000000-0000-0000-0000-000000000003', 'a5000000-0000-0000-0000-000000000051', 'b4000000-0000-0000-0000-000000000011'),
('b5000000-0000-0000-0000-000000000117', 'a4000000-0000-0000-0000-000000000003', 'a5000000-0000-0000-0000-000000000051', 'b4000000-0000-0000-0000-000000000013'),
('b5000000-0000-0000-0000-000000000118', 'a4000000-0000-0000-0000-000000000003', 'a5000000-0000-0000-0000-000000000052', 'b4000000-0000-0000-0000-000000000012'),
('b5000000-0000-0000-0000-000000000119', 'a4000000-0000-0000-0000-000000000003', 'a5000000-0000-0000-0000-000000000052', 'b4000000-0000-0000-0000-000000000014'),
('b5000000-0000-0000-0000-000000000120', 'a4000000-0000-0000-0000-000000000003', 'a5000000-0000-0000-0000-000000000053', 'b4000000-0000-0000-0000-000000000012'),
('b5000000-0000-0000-0000-000000000121', 'a4000000-0000-0000-0000-000000000003', 'a5000000-0000-0000-0000-000000000053', 'b4000000-0000-0000-0000-000000000014'),
('b5000000-0000-0000-0000-000000000122', 'a4000000-0000-0000-0000-000000000003', 'a5000000-0000-0000-0000-000000000054', 'b4000000-0000-0000-0000-000000000012'),
('b5000000-0000-0000-0000-000000000123', 'a4000000-0000-0000-0000-000000000003', 'a5000000-0000-0000-0000-000000000054', 'b4000000-0000-0000-0000-000000000014'),
('b5000000-0000-0000-0000-000000000124', 'a4000000-0000-0000-0000-000000000004', 'a5000000-0000-0000-0000-000000000055', 'b4000000-0000-0000-0000-000000000016'),
('b5000000-0000-0000-0000-000000000125', 'a4000000-0000-0000-0000-000000000004', 'a5000000-0000-0000-0000-000000000055', 'b4000000-0000-0000-0000-000000000018'),
('b5000000-0000-0000-0000-000000000126', 'a4000000-0000-0000-0000-000000000004', 'a5000000-0000-0000-0000-000000000056', 'b4000000-0000-0000-0000-000000000016'),
('b5000000-0000-0000-0000-000000000127', 'a4000000-0000-0000-0000-000000000004', 'a5000000-0000-0000-0000-000000000056', 'b4000000-0000-0000-0000-000000000019'),
('b5000000-0000-0000-0000-000000000128', 'a4000000-0000-0000-0000-000000000004', 'a5000000-0000-0000-0000-000000000056', 'b4000000-0000-0000-0000-000000000018'),
('b5000000-0000-0000-0000-000000000129', 'a4000000-0000-0000-0000-000000000004', 'a5000000-0000-0000-0000-000000000057', 'b4000000-0000-0000-0000-000000000016'),
('b5000000-0000-0000-0000-000000000130', 'a4000000-0000-0000-0000-000000000004', 'a5000000-0000-0000-0000-000000000057', 'b4000000-0000-0000-0000-000000000018'),
('b5000000-0000-0000-0000-000000000131', 'a4000000-0000-0000-0000-000000000004', 'a5000000-0000-0000-0000-000000000058', 'b4000000-0000-0000-0000-000000000017'),
('b5000000-0000-0000-0000-000000000132', 'a4000000-0000-0000-0000-000000000004', 'a5000000-0000-0000-0000-000000000058', 'b4000000-0000-0000-0000-000000000020'),
('b5000000-0000-0000-0000-000000000133', 'a4000000-0000-0000-0000-000000000004', 'a5000000-0000-0000-0000-000000000058', 'b4000000-0000-0000-0000-000000000019'),
('b5000000-0000-0000-0000-000000000134', 'a4000000-0000-0000-0000-000000000004', 'a5000000-0000-0000-0000-000000000059', 'b4000000-0000-0000-0000-000000000017'),
('b5000000-0000-0000-0000-000000000135', 'a4000000-0000-0000-0000-000000000004', 'a5000000-0000-0000-0000-000000000059', 'b4000000-0000-0000-0000-000000000019'),
('b5000000-0000-0000-0000-000000000136', 'a4000000-0000-0000-0000-000000000004', 'a5000000-0000-0000-0000-000000000060', 'b4000000-0000-0000-0000-000000000017'),
('b5000000-0000-0000-0000-000000000137', 'a4000000-0000-0000-0000-000000000004', 'a5000000-0000-0000-0000-000000000060', 'b4000000-0000-0000-0000-000000000020'),
('b5000000-0000-0000-0000-000000000138', 'a4000000-0000-0000-0000-000000000004', 'a5000000-0000-0000-0000-000000000060', 'b4000000-0000-0000-0000-000000000019'),
('b5000000-0000-0000-0000-000000000139', 'a4000000-0000-0000-0000-000000000004', 'a5000000-0000-0000-0000-000000000061', 'b4000000-0000-0000-0000-000000000016'),
('b5000000-0000-0000-0000-000000000140', 'a4000000-0000-0000-0000-000000000004', 'a5000000-0000-0000-0000-000000000061', 'b4000000-0000-0000-0000-000000000018'),
('b5000000-0000-0000-0000-000000000141', 'a4000000-0000-0000-0000-000000000004', 'a5000000-0000-0000-0000-000000000062', 'b4000000-0000-0000-0000-000000000016'),
('b5000000-0000-0000-0000-000000000142', 'a4000000-0000-0000-0000-000000000004', 'a5000000-0000-0000-0000-000000000062', 'b4000000-0000-0000-0000-000000000019'),
('b5000000-0000-0000-0000-000000000143', 'a4000000-0000-0000-0000-000000000004', 'a5000000-0000-0000-0000-000000000062', 'b4000000-0000-0000-0000-000000000018'),
('b5000000-0000-0000-0000-000000000144', 'a4000000-0000-0000-0000-000000000004', 'a5000000-0000-0000-0000-000000000063', 'b4000000-0000-0000-0000-000000000016'),
('b5000000-0000-0000-0000-000000000145', 'a4000000-0000-0000-0000-000000000004', 'a5000000-0000-0000-0000-000000000063', 'b4000000-0000-0000-0000-000000000018'),
('b5000000-0000-0000-0000-000000000146', 'a4000000-0000-0000-0000-000000000004', 'a5000000-0000-0000-0000-000000000064', 'b4000000-0000-0000-0000-000000000017'),
('b5000000-0000-0000-0000-000000000147', 'a4000000-0000-0000-0000-000000000004', 'a5000000-0000-0000-0000-000000000064', 'b4000000-0000-0000-0000-000000000019'),
('b5000000-0000-0000-0000-000000000148', 'a4000000-0000-0000-0000-000000000004', 'a5000000-0000-0000-0000-000000000065', 'b4000000-0000-0000-0000-000000000017'),
('b5000000-0000-0000-0000-000000000149', 'a4000000-0000-0000-0000-000000000004', 'a5000000-0000-0000-0000-000000000065', 'b4000000-0000-0000-0000-000000000019'),
('b5000000-0000-0000-0000-000000000150', 'a4000000-0000-0000-0000-000000000004', 'a5000000-0000-0000-0000-000000000066', 'b4000000-0000-0000-0000-000000000017'),
('b5000000-0000-0000-0000-000000000151', 'a4000000-0000-0000-0000-000000000004', 'a5000000-0000-0000-0000-000000000066', 'b4000000-0000-0000-0000-000000000019'),
('b5000000-0000-0000-0000-000000000152', 'a4000000-0000-0000-0000-000000000004', 'a5000000-0000-0000-0000-000000000067', 'b4000000-0000-0000-0000-000000000016'),
('b5000000-0000-0000-0000-000000000153', 'a4000000-0000-0000-0000-000000000004', 'a5000000-0000-0000-0000-000000000067', 'b4000000-0000-0000-0000-000000000018'),
('b5000000-0000-0000-0000-000000000154', 'a4000000-0000-0000-0000-000000000004', 'a5000000-0000-0000-0000-000000000068', 'b4000000-0000-0000-0000-000000000016'),
('b5000000-0000-0000-0000-000000000155', 'a4000000-0000-0000-0000-000000000004', 'a5000000-0000-0000-0000-000000000068', 'b4000000-0000-0000-0000-000000000020'),
('b5000000-0000-0000-0000-000000000156', 'a4000000-0000-0000-0000-000000000004', 'a5000000-0000-0000-0000-000000000068', 'b4000000-0000-0000-0000-000000000018'),
('b5000000-0000-0000-0000-000000000157', 'a4000000-0000-0000-0000-000000000004', 'a5000000-0000-0000-0000-000000000069', 'b4000000-0000-0000-0000-000000000016'),
('b5000000-0000-0000-0000-000000000158', 'a4000000-0000-0000-0000-000000000004', 'a5000000-0000-0000-0000-000000000069', 'b4000000-0000-0000-0000-000000000018'),
('b5000000-0000-0000-0000-000000000159', 'a4000000-0000-0000-0000-000000000004', 'a5000000-0000-0000-0000-000000000070', 'b4000000-0000-0000-0000-000000000017'),
('b5000000-0000-0000-0000-000000000160', 'a4000000-0000-0000-0000-000000000004', 'a5000000-0000-0000-0000-000000000070', 'b4000000-0000-0000-0000-000000000019'),
('b5000000-0000-0000-0000-000000000161', 'a4000000-0000-0000-0000-000000000004', 'a5000000-0000-0000-0000-000000000071', 'b4000000-0000-0000-0000-000000000017'),
('b5000000-0000-0000-0000-000000000162', 'a4000000-0000-0000-0000-000000000004', 'a5000000-0000-0000-0000-000000000071', 'b4000000-0000-0000-0000-000000000019'),
('b5000000-0000-0000-0000-000000000163', 'a4000000-0000-0000-0000-000000000004', 'a5000000-0000-0000-0000-000000000072', 'b4000000-0000-0000-0000-000000000017'),
('b5000000-0000-0000-0000-000000000164', 'a4000000-0000-0000-0000-000000000004', 'a5000000-0000-0000-0000-000000000072', 'b4000000-0000-0000-0000-000000000019'),
('b5000000-0000-0000-0000-000000000165', 'a4000000-0000-0000-0000-000000000005', 'a5000000-0000-0000-0000-000000000073', 'b4000000-0000-0000-0000-000000000021'),
('b5000000-0000-0000-0000-000000000166', 'a4000000-0000-0000-0000-000000000005', 'a5000000-0000-0000-0000-000000000073', 'b4000000-0000-0000-0000-000000000023'),
('b5000000-0000-0000-0000-000000000167', 'a4000000-0000-0000-0000-000000000005', 'a5000000-0000-0000-0000-000000000074', 'b4000000-0000-0000-0000-000000000021'),
('b5000000-0000-0000-0000-000000000168', 'a4000000-0000-0000-0000-000000000005', 'a5000000-0000-0000-0000-000000000074', 'b4000000-0000-0000-0000-000000000024'),
('b5000000-0000-0000-0000-000000000169', 'a4000000-0000-0000-0000-000000000005', 'a5000000-0000-0000-0000-000000000074', 'b4000000-0000-0000-0000-000000000023'),
('b5000000-0000-0000-0000-000000000170', 'a4000000-0000-0000-0000-000000000005', 'a5000000-0000-0000-0000-000000000075', 'b4000000-0000-0000-0000-000000000021'),
('b5000000-0000-0000-0000-000000000171', 'a4000000-0000-0000-0000-000000000005', 'a5000000-0000-0000-0000-000000000075', 'b4000000-0000-0000-0000-000000000023'),
('b5000000-0000-0000-0000-000000000172', 'a4000000-0000-0000-0000-000000000005', 'a5000000-0000-0000-0000-000000000076', 'b4000000-0000-0000-0000-000000000022'),
('b5000000-0000-0000-0000-000000000173', 'a4000000-0000-0000-0000-000000000005', 'a5000000-0000-0000-0000-000000000076', 'b4000000-0000-0000-0000-000000000024'),
('b5000000-0000-0000-0000-000000000174', 'a4000000-0000-0000-0000-000000000005', 'a5000000-0000-0000-0000-000000000077', 'b4000000-0000-0000-0000-000000000022'),
('b5000000-0000-0000-0000-000000000175', 'a4000000-0000-0000-0000-000000000005', 'a5000000-0000-0000-0000-000000000077', 'b4000000-0000-0000-0000-000000000024'),
('b5000000-0000-0000-0000-000000000176', 'a4000000-0000-0000-0000-000000000005', 'a5000000-0000-0000-0000-000000000078', 'b4000000-0000-0000-0000-000000000022'),
('b5000000-0000-0000-0000-000000000177', 'a4000000-0000-0000-0000-000000000005', 'a5000000-0000-0000-0000-000000000078', 'b4000000-0000-0000-0000-000000000024'),
('b5000000-0000-0000-0000-000000000178', 'a4000000-0000-0000-0000-000000000005', 'a5000000-0000-0000-0000-000000000079', 'b4000000-0000-0000-0000-000000000021'),
('b5000000-0000-0000-0000-000000000179', 'a4000000-0000-0000-0000-000000000005', 'a5000000-0000-0000-0000-000000000079', 'b4000000-0000-0000-0000-000000000023'),
('b5000000-0000-0000-0000-000000000180', 'a4000000-0000-0000-0000-000000000005', 'a5000000-0000-0000-0000-000000000080', 'b4000000-0000-0000-0000-000000000021'),
('b5000000-0000-0000-0000-000000000181', 'a4000000-0000-0000-0000-000000000005', 'a5000000-0000-0000-0000-000000000080', 'b4000000-0000-0000-0000-000000000023'),
('b5000000-0000-0000-0000-000000000182', 'a4000000-0000-0000-0000-000000000005', 'a5000000-0000-0000-0000-000000000081', 'b4000000-0000-0000-0000-000000000021'),
('b5000000-0000-0000-0000-000000000183', 'a4000000-0000-0000-0000-000000000005', 'a5000000-0000-0000-0000-000000000081', 'b4000000-0000-0000-0000-000000000023'),
('b5000000-0000-0000-0000-000000000184', 'a4000000-0000-0000-0000-000000000005', 'a5000000-0000-0000-0000-000000000082', 'b4000000-0000-0000-0000-000000000022'),
('b5000000-0000-0000-0000-000000000185', 'a4000000-0000-0000-0000-000000000005', 'a5000000-0000-0000-0000-000000000082', 'b4000000-0000-0000-0000-000000000024'),
('b5000000-0000-0000-0000-000000000186', 'a4000000-0000-0000-0000-000000000005', 'a5000000-0000-0000-0000-000000000083', 'b4000000-0000-0000-0000-000000000022'),
('b5000000-0000-0000-0000-000000000187', 'a4000000-0000-0000-0000-000000000005', 'a5000000-0000-0000-0000-000000000083', 'b4000000-0000-0000-0000-000000000024'),
('b5000000-0000-0000-0000-000000000188', 'a4000000-0000-0000-0000-000000000005', 'a5000000-0000-0000-0000-000000000084', 'b4000000-0000-0000-0000-000000000022'),
('b5000000-0000-0000-0000-000000000189', 'a4000000-0000-0000-0000-000000000005', 'a5000000-0000-0000-0000-000000000084', 'b4000000-0000-0000-0000-000000000024'),
('b5000000-0000-0000-0000-000000000190', 'a4000000-0000-0000-0000-000000000005', 'a5000000-0000-0000-0000-000000000085', 'b4000000-0000-0000-0000-000000000021'),
('b5000000-0000-0000-0000-000000000191', 'a4000000-0000-0000-0000-000000000005', 'a5000000-0000-0000-0000-000000000085', 'b4000000-0000-0000-0000-000000000023'),
('b5000000-0000-0000-0000-000000000192', 'a4000000-0000-0000-0000-000000000005', 'a5000000-0000-0000-0000-000000000086', 'b4000000-0000-0000-0000-000000000021'),
('b5000000-0000-0000-0000-000000000193', 'a4000000-0000-0000-0000-000000000005', 'a5000000-0000-0000-0000-000000000086', 'b4000000-0000-0000-0000-000000000024'),
('b5000000-0000-0000-0000-000000000194', 'a4000000-0000-0000-0000-000000000005', 'a5000000-0000-0000-0000-000000000086', 'b4000000-0000-0000-0000-000000000023'),
('b5000000-0000-0000-0000-000000000195', 'a4000000-0000-0000-0000-000000000005', 'a5000000-0000-0000-0000-000000000087', 'b4000000-0000-0000-0000-000000000021'),
('b5000000-0000-0000-0000-000000000196', 'a4000000-0000-0000-0000-000000000005', 'a5000000-0000-0000-0000-000000000087', 'b4000000-0000-0000-0000-000000000023'),
('b5000000-0000-0000-0000-000000000197', 'a4000000-0000-0000-0000-000000000005', 'a5000000-0000-0000-0000-000000000088', 'b4000000-0000-0000-0000-000000000022'),
('b5000000-0000-0000-0000-000000000198', 'a4000000-0000-0000-0000-000000000005', 'a5000000-0000-0000-0000-000000000088', 'b4000000-0000-0000-0000-000000000023'),
('b5000000-0000-0000-0000-000000000199', 'a4000000-0000-0000-0000-000000000005', 'a5000000-0000-0000-0000-000000000088', 'b4000000-0000-0000-0000-000000000024'),
('b5000000-0000-0000-0000-000000000200', 'a4000000-0000-0000-0000-000000000005', 'a5000000-0000-0000-0000-000000000089', 'b4000000-0000-0000-0000-000000000022'),
('b5000000-0000-0000-0000-000000000201', 'a4000000-0000-0000-0000-000000000005', 'a5000000-0000-0000-0000-000000000089', 'b4000000-0000-0000-0000-000000000024'),
('b5000000-0000-0000-0000-000000000202', 'a4000000-0000-0000-0000-000000000005', 'a5000000-0000-0000-0000-000000000090', 'b4000000-0000-0000-0000-000000000022'),
('b5000000-0000-0000-0000-000000000203', 'a4000000-0000-0000-0000-000000000005', 'a5000000-0000-0000-0000-000000000090', 'b4000000-0000-0000-0000-000000000023'),
('b5000000-0000-0000-0000-000000000204', 'a4000000-0000-0000-0000-000000000005', 'a5000000-0000-0000-0000-000000000090', 'b4000000-0000-0000-0000-000000000024');

-- 9. TIME ENTRIES
INSERT INTO time_entries (id, team_id, project_id, task_id, user_id, client_id, note, started_at, stopped_at, duration_seconds, billable, hourly_rate_cents, amount_cents) VALUES
('c5000000-0000-0000-0000-000000000001', 'a4000000-0000-0000-0000-000000000001', 'e4000000-0000-0000-0000-000000000001', 'a5000000-0000-0000-0000-000000000001', 'b4000000-0000-0000-0000-000000000003', 'd4000000-0000-0000-0000-000000000001', 'Requirements alignment with stakeholders — Luxury Storefront Refresh', NOW() - INTERVAL '90 days' + INTERVAL '9 hours', NOW() - INTERVAL '90 days' + INTERVAL '9 hours' + INTERVAL '9000 seconds', 9000, TRUE, 16000, 40000),
('c5000000-0000-0000-0000-000000000002', 'a4000000-0000-0000-0000-000000000001', 'e4000000-0000-0000-0000-000000000001', 'a5000000-0000-0000-0000-000000000002', 'b4000000-0000-0000-0000-000000000004', 'd4000000-0000-0000-0000-000000000001', 'API / UI integration work — Luxury Storefront Refresh', NOW() - INTERVAL '83 days' + INTERVAL '11 hours', NOW() - INTERVAL '83 days' + INTERVAL '11 hours' + INTERVAL '14400 seconds', 14400, TRUE, 16500, 66000),
('c5000000-0000-0000-0000-000000000003', 'a4000000-0000-0000-0000-000000000001', 'e4000000-0000-0000-0000-000000000001', 'a5000000-0000-0000-0000-000000000003', 'b4000000-0000-0000-0000-000000000001', 'd4000000-0000-0000-0000-000000000001', 'QA pass and issue triage — Luxury Storefront Refresh', NOW() - INTERVAL '76 days' + INTERVAL '13 hours', NOW() - INTERVAL '76 days' + INTERVAL '13 hours' + INTERVAL '10800 seconds', 10800, FALSE, 0, 0),
('c5000000-0000-0000-0000-000000000004', 'a4000000-0000-0000-0000-000000000001', 'e4000000-0000-0000-0000-000000000001', 'a5000000-0000-0000-0000-000000000003', 'b4000000-0000-0000-0000-000000000003', 'd4000000-0000-0000-0000-000000000001', 'Release readiness checks — Luxury Storefront Refresh', NOW() - INTERVAL '69 days' + INTERVAL '9 hours', NOW() - INTERVAL '69 days' + INTERVAL '9 hours' + INTERVAL '5400 seconds', 5400, FALSE, 0, 0),
('c5000000-0000-0000-0000-000000000005', 'a4000000-0000-0000-0000-000000000001', 'e4000000-0000-0000-0000-000000000002', 'a5000000-0000-0000-0000-000000000004', 'b4000000-0000-0000-0000-000000000004', 'd4000000-0000-0000-0000-000000000001', 'Backlog sizing and delivery planning — Campaign Microsite Factory', NOW() - INTERVAL '88 days' + INTERVAL '9 hours', NOW() - INTERVAL '88 days' + INTERVAL '9 hours' + INTERVAL '9000 seconds', 9000, TRUE, 15500, 38750),
('c5000000-0000-0000-0000-000000000006', 'a4000000-0000-0000-0000-000000000001', 'e4000000-0000-0000-0000-000000000002', 'a5000000-0000-0000-0000-000000000005', 'b4000000-0000-0000-0000-000000000005', 'd4000000-0000-0000-0000-000000000001', 'Core implementation workstream — Campaign Microsite Factory', NOW() - INTERVAL '81 days' + INTERVAL '11 hours', NOW() - INTERVAL '81 days' + INTERVAL '11 hours' + INTERVAL '14400 seconds', 14400, TRUE, 16000, 64000),
('c5000000-0000-0000-0000-000000000007', 'a4000000-0000-0000-0000-000000000001', 'e4000000-0000-0000-0000-000000000002', 'a5000000-0000-0000-0000-000000000006', 'b4000000-0000-0000-0000-000000000002', 'd4000000-0000-0000-0000-000000000001', 'Release readiness checks — Campaign Microsite Factory', NOW() - INTERVAL '74 days' + INTERVAL '13 hours', NOW() - INTERVAL '74 days' + INTERVAL '13 hours' + INTERVAL '10800 seconds', 10800, FALSE, 0, 0),
('c5000000-0000-0000-0000-000000000008', 'a4000000-0000-0000-0000-000000000001', 'e4000000-0000-0000-0000-000000000002', 'a5000000-0000-0000-0000-000000000006', 'b4000000-0000-0000-0000-000000000004', 'd4000000-0000-0000-0000-000000000001', 'Launch support and bug review — Campaign Microsite Factory', NOW() - INTERVAL '67 days' + INTERVAL '9 hours', NOW() - INTERVAL '67 days' + INTERVAL '9 hours' + INTERVAL '5400 seconds', 5400, FALSE, 0, 0),
('c5000000-0000-0000-0000-000000000009', 'a4000000-0000-0000-0000-000000000001', 'e4000000-0000-0000-0000-000000000003', 'a5000000-0000-0000-0000-000000000007', 'b4000000-0000-0000-0000-000000000003', 'd4000000-0000-0000-0000-000000000001', 'Kickoff workshop and scope review — Influencer Asset Portal', NOW() - INTERVAL '86 days' + INTERVAL '9 hours', NOW() - INTERVAL '86 days' + INTERVAL '9 hours' + INTERVAL '9000 seconds', 9000, TRUE, 15000, 37500),
('c5000000-0000-0000-0000-000000000010', 'a4000000-0000-0000-0000-000000000001', 'e4000000-0000-0000-0000-000000000003', 'a5000000-0000-0000-0000-000000000008', 'b4000000-0000-0000-0000-000000000004', 'd4000000-0000-0000-0000-000000000001', 'Feature development and iteration — Influencer Asset Portal', NOW() - INTERVAL '79 days' + INTERVAL '11 hours', NOW() - INTERVAL '79 days' + INTERVAL '11 hours' + INTERVAL '14400 seconds', 14400, TRUE, 15500, 62000),
('c5000000-0000-0000-0000-000000000011', 'a4000000-0000-0000-0000-000000000001', 'e4000000-0000-0000-0000-000000000003', 'a5000000-0000-0000-0000-000000000009', 'b4000000-0000-0000-0000-000000000001', 'd4000000-0000-0000-0000-000000000001', 'Launch support and bug review — Influencer Asset Portal', NOW() - INTERVAL '72 days' + INTERVAL '13 hours', NOW() - INTERVAL '72 days' + INTERVAL '13 hours' + INTERVAL '10800 seconds', 10800, FALSE, 0, 0),
('c5000000-0000-0000-0000-000000000012', 'a4000000-0000-0000-0000-000000000001', 'e4000000-0000-0000-0000-000000000003', 'a5000000-0000-0000-0000-000000000009', 'b4000000-0000-0000-0000-000000000003', 'd4000000-0000-0000-0000-000000000001', 'Post-launch support retrospective for Influencer Asset Portal', NOW() - INTERVAL '65 days' + INTERVAL '9 hours', NOW() - INTERVAL '65 days' + INTERVAL '9 hours' + INTERVAL '5400 seconds', 5400, FALSE, 0, 0),
('c5000000-0000-0000-0000-000000000013', 'a4000000-0000-0000-0000-000000000001', 'e4000000-0000-0000-0000-000000000004', 'a5000000-0000-0000-0000-000000000010', 'b4000000-0000-0000-0000-000000000004', 'd4000000-0000-0000-0000-000000000002', 'Requirements alignment with stakeholders — Subscription Checkout Optimization', NOW() - INTERVAL '84 days' + INTERVAL '9 hours', NOW() - INTERVAL '84 days' + INTERVAL '9 hours' + INTERVAL '9000 seconds', 9000, TRUE, 14500, 36250),
('c5000000-0000-0000-0000-000000000014', 'a4000000-0000-0000-0000-000000000001', 'e4000000-0000-0000-0000-000000000004', 'a5000000-0000-0000-0000-000000000011', 'b4000000-0000-0000-0000-000000000002', 'd4000000-0000-0000-0000-000000000002', 'API / UI integration work — Subscription Checkout Optimization', NOW() - INTERVAL '77 days' + INTERVAL '11 hours', NOW() - INTERVAL '77 days' + INTERVAL '11 hours' + INTERVAL '16200 seconds', 16200, TRUE, 15000, 67500),
('c5000000-0000-0000-0000-000000000015', 'a4000000-0000-0000-0000-000000000001', 'e4000000-0000-0000-0000-000000000004', 'a5000000-0000-0000-0000-000000000012', 'b4000000-0000-0000-0000-000000000004', 'd4000000-0000-0000-0000-000000000002', 'QA pass and issue triage — Subscription Checkout Optimization', NOW() - INTERVAL '70 days' + INTERVAL '13 hours', NOW() - INTERVAL '70 days' + INTERVAL '13 hours' + INTERVAL '10800 seconds', 10800, FALSE, 0, 0),
('c5000000-0000-0000-0000-000000000016', 'a4000000-0000-0000-0000-000000000001', 'e4000000-0000-0000-0000-000000000004', 'a5000000-0000-0000-0000-000000000012', 'b4000000-0000-0000-0000-000000000002', 'd4000000-0000-0000-0000-000000000002', 'Release readiness checks — Subscription Checkout Optimization', NOW() - INTERVAL '63 days' + INTERVAL '9 hours', NOW() - INTERVAL '63 days' + INTERVAL '9 hours' + INTERVAL '5400 seconds', 5400, FALSE, 0, 0),
('c5000000-0000-0000-0000-000000000017', 'a4000000-0000-0000-0000-000000000001', 'e4000000-0000-0000-0000-000000000005', 'a5000000-0000-0000-0000-000000000013', 'b4000000-0000-0000-0000-000000000003', 'd4000000-0000-0000-0000-000000000002', 'Backlog sizing and delivery planning — Packaging Feedback Dashboard', NOW() - INTERVAL '82 days' + INTERVAL '9 hours', NOW() - INTERVAL '82 days' + INTERVAL '9 hours' + INTERVAL '9000 seconds', 9000, TRUE, 14000, 35000),
('c5000000-0000-0000-0000-000000000018', 'a4000000-0000-0000-0000-000000000001', 'e4000000-0000-0000-0000-000000000005', 'a5000000-0000-0000-0000-000000000014', 'b4000000-0000-0000-0000-000000000005', 'd4000000-0000-0000-0000-000000000002', 'Core implementation workstream — Packaging Feedback Dashboard', NOW() - INTERVAL '75 days' + INTERVAL '11 hours', NOW() - INTERVAL '75 days' + INTERVAL '11 hours' + INTERVAL '14400 seconds', 14400, TRUE, 14500, 58000),
('c5000000-0000-0000-0000-000000000019', 'a4000000-0000-0000-0000-000000000001', 'e4000000-0000-0000-0000-000000000005', 'a5000000-0000-0000-0000-000000000015', 'b4000000-0000-0000-0000-000000000001', 'd4000000-0000-0000-0000-000000000002', 'Paused coordination for on-hold project Packaging Feedback Dashboard', NOW() - INTERVAL '68 days' + INTERVAL '13 hours', NOW() - INTERVAL '68 days' + INTERVAL '13 hours' + INTERVAL '10800 seconds', 10800, FALSE, 0, 0),
('c5000000-0000-0000-0000-000000000020', 'a4000000-0000-0000-0000-000000000001', 'e4000000-0000-0000-0000-000000000005', NULL, 'b4000000-0000-0000-0000-000000000003', 'd4000000-0000-0000-0000-000000000002', 'Paused coordination for on-hold project Packaging Feedback Dashboard', NOW() - INTERVAL '61 days' + INTERVAL '9 hours', NOW() - INTERVAL '61 days' + INTERVAL '9 hours' + INTERVAL '5400 seconds', 5400, FALSE, 0, 0),
('c5000000-0000-0000-0000-000000000021', 'a4000000-0000-0000-0000-000000000001', 'e4000000-0000-0000-0000-000000000006', 'a5000000-0000-0000-0000-000000000016', 'b4000000-0000-0000-0000-000000000004', 'd4000000-0000-0000-0000-000000000002', 'Kickoff workshop and scope review — Franchise Location CMS', NOW() - INTERVAL '80 days' + INTERVAL '9 hours', NOW() - INTERVAL '80 days' + INTERVAL '9 hours' + INTERVAL '9000 seconds', 9000, TRUE, 14200, 35500),
('c5000000-0000-0000-0000-000000000022', 'a4000000-0000-0000-0000-000000000001', 'e4000000-0000-0000-0000-000000000006', 'a5000000-0000-0000-0000-000000000017', 'b4000000-0000-0000-0000-000000000002', 'd4000000-0000-0000-0000-000000000002', 'Feature development and iteration — Franchise Location CMS', NOW() - INTERVAL '73 days' + INTERVAL '11 hours', NOW() - INTERVAL '73 days' + INTERVAL '11 hours' + INTERVAL '14400 seconds', 14400, TRUE, 14700, 58800),
('c5000000-0000-0000-0000-000000000023', 'a4000000-0000-0000-0000-000000000001', 'e4000000-0000-0000-0000-000000000006', 'a5000000-0000-0000-0000-000000000018', 'b4000000-0000-0000-0000-000000000004', 'd4000000-0000-0000-0000-000000000002', 'Launch support and bug review — Franchise Location CMS', NOW() - INTERVAL '66 days' + INTERVAL '13 hours', NOW() - INTERVAL '66 days' + INTERVAL '13 hours' + INTERVAL '10800 seconds', 10800, FALSE, 0, 0),
('c5000000-0000-0000-0000-000000000024', 'a4000000-0000-0000-0000-000000000001', 'e4000000-0000-0000-0000-000000000006', 'a5000000-0000-0000-0000-000000000018', 'b4000000-0000-0000-0000-000000000002', 'd4000000-0000-0000-0000-000000000002', 'QA pass and issue triage — Franchise Location CMS', NOW() - INTERVAL '59 days' + INTERVAL '9 hours', NOW() - INTERVAL '59 days' + INTERVAL '9 hours' + INTERVAL '5400 seconds', 5400, FALSE, 0, 0),
('c5000000-0000-0000-0000-000000000025', 'a4000000-0000-0000-0000-000000000002', 'e4000000-0000-0000-0000-000000000007', 'a5000000-0000-0000-0000-000000000019', 'b4000000-0000-0000-0000-000000000008', 'd4000000-0000-0000-0000-000000000003', 'Requirements alignment with stakeholders — Fleet Control Tower', NOW() - INTERVAL '78 days' + INTERVAL '9 hours', NOW() - INTERVAL '78 days' + INTERVAL '9 hours' + INTERVAL '9000 seconds', 9000, TRUE, 26000, 65000),
('c5000000-0000-0000-0000-000000000026', 'a4000000-0000-0000-0000-000000000002', 'e4000000-0000-0000-0000-000000000007', 'a5000000-0000-0000-0000-000000000020', 'b4000000-0000-0000-0000-000000000009', 'd4000000-0000-0000-0000-000000000003', 'API / UI integration work — Fleet Control Tower', NOW() - INTERVAL '71 days' + INTERVAL '11 hours', NOW() - INTERVAL '71 days' + INTERVAL '11 hours' + INTERVAL '14400 seconds', 14400, TRUE, 26500, 106000),
('c5000000-0000-0000-0000-000000000027', 'a4000000-0000-0000-0000-000000000002', 'e4000000-0000-0000-0000-000000000007', 'a5000000-0000-0000-0000-000000000021', 'b4000000-0000-0000-0000-000000000006', 'd4000000-0000-0000-0000-000000000003', 'QA pass and issue triage — Fleet Control Tower', NOW() - INTERVAL '64 days' + INTERVAL '13 hours', NOW() - INTERVAL '64 days' + INTERVAL '13 hours' + INTERVAL '10800 seconds', 10800, FALSE, 0, 0),
('c5000000-0000-0000-0000-000000000028', 'a4000000-0000-0000-0000-000000000002', 'e4000000-0000-0000-0000-000000000007', 'a5000000-0000-0000-0000-000000000021', 'b4000000-0000-0000-0000-000000000008', 'd4000000-0000-0000-0000-000000000003', 'Release readiness checks — Fleet Control Tower', NOW() - INTERVAL '57 days' + INTERVAL '9 hours', NOW() - INTERVAL '57 days' + INTERVAL '9 hours' + INTERVAL '5400 seconds', 5400, FALSE, 0, 0),
('c5000000-0000-0000-0000-000000000029', 'a4000000-0000-0000-0000-000000000002', 'e4000000-0000-0000-0000-000000000008', 'a5000000-0000-0000-0000-000000000022', 'b4000000-0000-0000-0000-000000000009', 'd4000000-0000-0000-0000-000000000003', 'Backlog sizing and delivery planning — Warehouse K8s Migration', NOW() - INTERVAL '76 days' + INTERVAL '9 hours', NOW() - INTERVAL '76 days' + INTERVAL '9 hours' + INTERVAL '9000 seconds', 9000, TRUE, 27000, 67500),
('c5000000-0000-0000-0000-000000000030', 'a4000000-0000-0000-0000-000000000002', 'e4000000-0000-0000-0000-000000000008', 'a5000000-0000-0000-0000-000000000023', 'b4000000-0000-0000-0000-000000000010', 'd4000000-0000-0000-0000-000000000003', 'Core implementation workstream — Warehouse K8s Migration', NOW() - INTERVAL '69 days' + INTERVAL '11 hours', NOW() - INTERVAL '69 days' + INTERVAL '11 hours' + INTERVAL '16200 seconds', 16200, TRUE, 27500, 123750),
('c5000000-0000-0000-0000-000000000031', 'a4000000-0000-0000-0000-000000000002', 'e4000000-0000-0000-0000-000000000008', 'a5000000-0000-0000-0000-000000000024', 'b4000000-0000-0000-0000-000000000007', 'd4000000-0000-0000-0000-000000000003', 'Release readiness checks — Warehouse K8s Migration', NOW() - INTERVAL '62 days' + INTERVAL '13 hours', NOW() - INTERVAL '62 days' + INTERVAL '13 hours' + INTERVAL '10800 seconds', 10800, FALSE, 0, 0),
('c5000000-0000-0000-0000-000000000032', 'a4000000-0000-0000-0000-000000000002', 'e4000000-0000-0000-0000-000000000008', 'a5000000-0000-0000-0000-000000000024', 'b4000000-0000-0000-0000-000000000009', 'd4000000-0000-0000-0000-000000000003', 'Launch support and bug review — Warehouse K8s Migration', NOW() - INTERVAL '55 days' + INTERVAL '9 hours', NOW() - INTERVAL '55 days' + INTERVAL '9 hours' + INTERVAL '5400 seconds', 5400, FALSE, 0, 0),
('c5000000-0000-0000-0000-000000000033', 'a4000000-0000-0000-0000-000000000002', 'e4000000-0000-0000-0000-000000000009', 'a5000000-0000-0000-0000-000000000025', 'b4000000-0000-0000-0000-000000000008', 'd4000000-0000-0000-0000-000000000003', 'Kickoff workshop and scope review — Driver Incident App API', NOW() - INTERVAL '74 days' + INTERVAL '9 hours', NOW() - INTERVAL '74 days' + INTERVAL '9 hours' + INTERVAL '9000 seconds', 9000, TRUE, 25500, 63750),
('c5000000-0000-0000-0000-000000000034', 'a4000000-0000-0000-0000-000000000002', 'e4000000-0000-0000-0000-000000000009', 'a5000000-0000-0000-0000-000000000026', 'b4000000-0000-0000-0000-000000000009', 'd4000000-0000-0000-0000-000000000003', 'Feature development and iteration — Driver Incident App API', NOW() - INTERVAL '67 days' + INTERVAL '11 hours', NOW() - INTERVAL '67 days' + INTERVAL '11 hours' + INTERVAL '14400 seconds', 14400, TRUE, 26000, 104000),
('c5000000-0000-0000-0000-000000000035', 'a4000000-0000-0000-0000-000000000002', 'e4000000-0000-0000-0000-000000000009', 'a5000000-0000-0000-0000-000000000027', 'b4000000-0000-0000-0000-000000000006', 'd4000000-0000-0000-0000-000000000003', 'Launch support and bug review — Driver Incident App API', NOW() - INTERVAL '60 days' + INTERVAL '13 hours', NOW() - INTERVAL '60 days' + INTERVAL '13 hours' + INTERVAL '10800 seconds', 10800, FALSE, 0, 0),
('c5000000-0000-0000-0000-000000000036', 'a4000000-0000-0000-0000-000000000002', 'e4000000-0000-0000-0000-000000000009', 'a5000000-0000-0000-0000-000000000027', 'b4000000-0000-0000-0000-000000000008', 'd4000000-0000-0000-0000-000000000003', 'Post-launch support retrospective for Driver Incident App API', NOW() - INTERVAL '53 days' + INTERVAL '9 hours', NOW() - INTERVAL '53 days' + INTERVAL '9 hours' + INTERVAL '5400 seconds', 5400, FALSE, 0, 0),
('c5000000-0000-0000-0000-000000000037', 'a4000000-0000-0000-0000-000000000002', 'e4000000-0000-0000-0000-000000000010', 'a5000000-0000-0000-0000-000000000028', 'b4000000-0000-0000-0000-000000000009', 'd4000000-0000-0000-0000-000000000004', 'Requirements alignment with stakeholders — Zero Trust Rollout', NOW() - INTERVAL '72 days' + INTERVAL '9 hours', NOW() - INTERVAL '72 days' + INTERVAL '9 hours' + INTERVAL '9000 seconds', 9000, TRUE, 28000, 70000),
('c5000000-0000-0000-0000-000000000038', 'a4000000-0000-0000-0000-000000000002', 'e4000000-0000-0000-0000-000000000010', 'a5000000-0000-0000-0000-000000000029', 'b4000000-0000-0000-0000-000000000007', 'd4000000-0000-0000-0000-000000000004', 'API / UI integration work — Zero Trust Rollout', NOW() - INTERVAL '65 days' + INTERVAL '11 hours', NOW() - INTERVAL '65 days' + INTERVAL '11 hours' + INTERVAL '14400 seconds', 14400, TRUE, 28500, 114000),
('c5000000-0000-0000-0000-000000000039', 'a4000000-0000-0000-0000-000000000002', 'e4000000-0000-0000-0000-000000000010', 'a5000000-0000-0000-0000-000000000030', 'b4000000-0000-0000-0000-000000000009', 'd4000000-0000-0000-0000-000000000004', 'QA pass and issue triage — Zero Trust Rollout', NOW() - INTERVAL '58 days' + INTERVAL '13 hours', NOW() - INTERVAL '58 days' + INTERVAL '13 hours' + INTERVAL '10800 seconds', 10800, FALSE, 0, 0),
('c5000000-0000-0000-0000-000000000040', 'a4000000-0000-0000-0000-000000000002', 'e4000000-0000-0000-0000-000000000010', NULL, 'b4000000-0000-0000-0000-000000000007', 'd4000000-0000-0000-0000-000000000004', 'Internal sync for Zero Trust Rollout', NOW() - INTERVAL '51 days' + INTERVAL '9 hours', NOW() - INTERVAL '51 days' + INTERVAL '9 hours' + INTERVAL '5400 seconds', 5400, FALSE, 0, 0),
('c5000000-0000-0000-0000-000000000041', 'a4000000-0000-0000-0000-000000000002', 'e4000000-0000-0000-0000-000000000011', 'a5000000-0000-0000-0000-000000000031', 'b4000000-0000-0000-0000-000000000008', 'd4000000-0000-0000-0000-000000000004', 'Backlog sizing and delivery planning — FinOps Savings Explorer', NOW() - INTERVAL '70 days' + INTERVAL '9 hours', NOW() - INTERVAL '70 days' + INTERVAL '9 hours' + INTERVAL '9000 seconds', 9000, TRUE, 27500, 68750),
('c5000000-0000-0000-0000-000000000042', 'a4000000-0000-0000-0000-000000000002', 'e4000000-0000-0000-0000-000000000011', 'a5000000-0000-0000-0000-000000000032', 'b4000000-0000-0000-0000-000000000010', 'd4000000-0000-0000-0000-000000000004', 'Core implementation workstream — FinOps Savings Explorer', NOW() - INTERVAL '63 days' + INTERVAL '11 hours', NOW() - INTERVAL '63 days' + INTERVAL '11 hours' + INTERVAL '14400 seconds', 14400, TRUE, 28000, 112000),
('c5000000-0000-0000-0000-000000000043', 'a4000000-0000-0000-0000-000000000002', 'e4000000-0000-0000-0000-000000000011', 'a5000000-0000-0000-0000-000000000033', 'b4000000-0000-0000-0000-000000000006', 'd4000000-0000-0000-0000-000000000004', 'Release readiness checks — FinOps Savings Explorer', NOW() - INTERVAL '56 days' + INTERVAL '13 hours', NOW() - INTERVAL '56 days' + INTERVAL '13 hours' + INTERVAL '10800 seconds', 10800, FALSE, 0, 0),
('c5000000-0000-0000-0000-000000000044', 'a4000000-0000-0000-0000-000000000002', 'e4000000-0000-0000-0000-000000000011', 'a5000000-0000-0000-0000-000000000033', 'b4000000-0000-0000-0000-000000000008', 'd4000000-0000-0000-0000-000000000004', 'Launch support and bug review — FinOps Savings Explorer', NOW() - INTERVAL '49 days' + INTERVAL '9 hours', NOW() - INTERVAL '49 days' + INTERVAL '9 hours' + INTERVAL '5400 seconds', 5400, FALSE, 0, 0),
('c5000000-0000-0000-0000-000000000045', 'a4000000-0000-0000-0000-000000000002', 'e4000000-0000-0000-0000-000000000012', 'a5000000-0000-0000-0000-000000000034', 'b4000000-0000-0000-0000-000000000009', 'd4000000-0000-0000-0000-000000000004', 'Kickoff workshop and scope review — Disaster Recovery Drills', NOW() - INTERVAL '68 days' + INTERVAL '9 hours', NOW() - INTERVAL '68 days' + INTERVAL '9 hours' + INTERVAL '9000 seconds', 9000, TRUE, 26500, 66250),
('c5000000-0000-0000-0000-000000000046', 'a4000000-0000-0000-0000-000000000002', 'e4000000-0000-0000-0000-000000000012', 'a5000000-0000-0000-0000-000000000035', 'b4000000-0000-0000-0000-000000000007', 'd4000000-0000-0000-0000-000000000004', 'Feature development and iteration — Disaster Recovery Drills', NOW() - INTERVAL '61 days' + INTERVAL '11 hours', NOW() - INTERVAL '61 days' + INTERVAL '11 hours' + INTERVAL '16200 seconds', 16200, TRUE, 27000, 121500),
('c5000000-0000-0000-0000-000000000047', 'a4000000-0000-0000-0000-000000000002', 'e4000000-0000-0000-0000-000000000012', 'a5000000-0000-0000-0000-000000000036', 'b4000000-0000-0000-0000-000000000009', 'd4000000-0000-0000-0000-000000000004', 'Launch support and bug review — Disaster Recovery Drills', NOW() - INTERVAL '54 days' + INTERVAL '13 hours', NOW() - INTERVAL '54 days' + INTERVAL '13 hours' + INTERVAL '10800 seconds', 10800, FALSE, 0, 0),
('c5000000-0000-0000-0000-000000000048', 'a4000000-0000-0000-0000-000000000002', 'e4000000-0000-0000-0000-000000000012', 'a5000000-0000-0000-0000-000000000036', 'b4000000-0000-0000-0000-000000000007', 'd4000000-0000-0000-0000-000000000004', 'Post-launch support retrospective for Disaster Recovery Drills', NOW() - INTERVAL '47 days' + INTERVAL '9 hours', NOW() - INTERVAL '47 days' + INTERVAL '9 hours' + INTERVAL '5400 seconds', 5400, FALSE, 0, 0),
('c5000000-0000-0000-0000-000000000049', 'a4000000-0000-0000-0000-000000000003', 'e4000000-0000-0000-0000-000000000013', 'a5000000-0000-0000-0000-000000000037', 'b4000000-0000-0000-0000-000000000013', 'd4000000-0000-0000-0000-000000000005', 'Requirements alignment with stakeholders — Patient App Revamp', NOW() - INTERVAL '66 days' + INTERVAL '9 hours', NOW() - INTERVAL '66 days' + INTERVAL '9 hours' + INTERVAL '9000 seconds', 9000, TRUE, 19000, 47500),
('c5000000-0000-0000-0000-000000000050', 'a4000000-0000-0000-0000-000000000003', 'e4000000-0000-0000-0000-000000000013', 'a5000000-0000-0000-0000-000000000038', 'b4000000-0000-0000-0000-000000000014', 'd4000000-0000-0000-0000-000000000005', 'API / UI integration work — Patient App Revamp', NOW() - INTERVAL '59 days' + INTERVAL '11 hours', NOW() - INTERVAL '59 days' + INTERVAL '11 hours' + INTERVAL '14400 seconds', 14400, TRUE, 19500, 78000),
('c5000000-0000-0000-0000-000000000051', 'a4000000-0000-0000-0000-000000000003', 'e4000000-0000-0000-0000-000000000013', 'a5000000-0000-0000-0000-000000000039', 'b4000000-0000-0000-0000-000000000011', 'd4000000-0000-0000-0000-000000000005', 'QA pass and issue triage — Patient App Revamp', NOW() - INTERVAL '52 days' + INTERVAL '13 hours', NOW() - INTERVAL '52 days' + INTERVAL '13 hours' + INTERVAL '10800 seconds', 10800, FALSE, 0, 0),
('c5000000-0000-0000-0000-000000000052', 'a4000000-0000-0000-0000-000000000003', 'e4000000-0000-0000-0000-000000000013', 'a5000000-0000-0000-0000-000000000039', 'b4000000-0000-0000-0000-000000000013', 'd4000000-0000-0000-0000-000000000005', 'Release readiness checks — Patient App Revamp', NOW() - INTERVAL '45 days' + INTERVAL '9 hours', NOW() - INTERVAL '45 days' + INTERVAL '9 hours' + INTERVAL '5400 seconds', 5400, FALSE, 0, 0),
('c5000000-0000-0000-0000-000000000053', 'a4000000-0000-0000-0000-000000000003', 'e4000000-0000-0000-0000-000000000014', 'a5000000-0000-0000-0000-000000000040', 'b4000000-0000-0000-0000-000000000014', 'd4000000-0000-0000-0000-000000000005', 'Backlog sizing and delivery planning — Telemedicine Booking Portal', NOW() - INTERVAL '64 days' + INTERVAL '9 hours', NOW() - INTERVAL '64 days' + INTERVAL '9 hours' + INTERVAL '9000 seconds', 9000, TRUE, 19500, 48750),
('c5000000-0000-0000-0000-000000000054', 'a4000000-0000-0000-0000-000000000003', 'e4000000-0000-0000-0000-000000000014', 'a5000000-0000-0000-0000-000000000041', 'b4000000-0000-0000-0000-000000000015', 'd4000000-0000-0000-0000-000000000005', 'Core implementation workstream — Telemedicine Booking Portal', NOW() - INTERVAL '57 days' + INTERVAL '11 hours', NOW() - INTERVAL '57 days' + INTERVAL '11 hours' + INTERVAL '14400 seconds', 14400, TRUE, 20000, 80000),
('c5000000-0000-0000-0000-000000000055', 'a4000000-0000-0000-0000-000000000003', 'e4000000-0000-0000-0000-000000000014', 'a5000000-0000-0000-0000-000000000042', 'b4000000-0000-0000-0000-000000000012', 'd4000000-0000-0000-0000-000000000005', 'Release readiness checks — Telemedicine Booking Portal', NOW() - INTERVAL '50 days' + INTERVAL '13 hours', NOW() - INTERVAL '50 days' + INTERVAL '13 hours' + INTERVAL '10800 seconds', 10800, FALSE, 0, 0),
('c5000000-0000-0000-0000-000000000056', 'a4000000-0000-0000-0000-000000000003', 'e4000000-0000-0000-0000-000000000014', 'a5000000-0000-0000-0000-000000000042', 'b4000000-0000-0000-0000-000000000014', 'd4000000-0000-0000-0000-000000000005', 'Launch support and bug review — Telemedicine Booking Portal', NOW() - INTERVAL '43 days' + INTERVAL '9 hours', NOW() - INTERVAL '43 days' + INTERVAL '9 hours' + INTERVAL '5400 seconds', 5400, FALSE, 0, 0),
('c5000000-0000-0000-0000-000000000057', 'a4000000-0000-0000-0000-000000000003', 'e4000000-0000-0000-0000-000000000015', 'a5000000-0000-0000-0000-000000000043', 'b4000000-0000-0000-0000-000000000013', 'd4000000-0000-0000-0000-000000000005', 'Kickoff workshop and scope review — Insurance Claim Sync', NOW() - INTERVAL '62 days' + INTERVAL '9 hours', NOW() - INTERVAL '62 days' + INTERVAL '9 hours' + INTERVAL '9000 seconds', 9000, TRUE, 18500, 46250),
('c5000000-0000-0000-0000-000000000058', 'a4000000-0000-0000-0000-000000000003', 'e4000000-0000-0000-0000-000000000015', 'a5000000-0000-0000-0000-000000000044', 'b4000000-0000-0000-0000-000000000014', 'd4000000-0000-0000-0000-000000000005', 'Feature development and iteration — Insurance Claim Sync', NOW() - INTERVAL '55 days' + INTERVAL '11 hours', NOW() - INTERVAL '55 days' + INTERVAL '11 hours' + INTERVAL '14400 seconds', 14400, TRUE, 19000, 76000),
('c5000000-0000-0000-0000-000000000059', 'a4000000-0000-0000-0000-000000000003', 'e4000000-0000-0000-0000-000000000015', 'a5000000-0000-0000-0000-000000000045', 'b4000000-0000-0000-0000-000000000011', 'd4000000-0000-0000-0000-000000000005', 'Launch support and bug review — Insurance Claim Sync', NOW() - INTERVAL '48 days' + INTERVAL '13 hours', NOW() - INTERVAL '48 days' + INTERVAL '13 hours' + INTERVAL '10800 seconds', 10800, FALSE, 0, 0),
('c5000000-0000-0000-0000-000000000060', 'a4000000-0000-0000-0000-000000000003', 'e4000000-0000-0000-0000-000000000015', NULL, 'b4000000-0000-0000-0000-000000000013', 'd4000000-0000-0000-0000-000000000005', 'Post-launch support retrospective for Insurance Claim Sync', NOW() - INTERVAL '41 days' + INTERVAL '9 hours', NOW() - INTERVAL '41 days' + INTERVAL '9 hours' + INTERVAL '5400 seconds', 5400, FALSE, 0, 0),
('c5000000-0000-0000-0000-000000000061', 'a4000000-0000-0000-0000-000000000003', 'e4000000-0000-0000-0000-000000000016', 'a5000000-0000-0000-0000-000000000046', 'b4000000-0000-0000-0000-000000000014', 'd4000000-0000-0000-0000-000000000006', 'Requirements alignment with stakeholders — Nutrition Coach Dashboard', NOW() - INTERVAL '60 days' + INTERVAL '9 hours', NOW() - INTERVAL '60 days' + INTERVAL '9 hours' + INTERVAL '9000 seconds', 9000, TRUE, 17500, 43750),
('c5000000-0000-0000-0000-000000000062', 'a4000000-0000-0000-0000-000000000003', 'e4000000-0000-0000-0000-000000000016', 'a5000000-0000-0000-0000-000000000047', 'b4000000-0000-0000-0000-000000000012', 'd4000000-0000-0000-0000-000000000006', 'API / UI integration work — Nutrition Coach Dashboard', NOW() - INTERVAL '53 days' + INTERVAL '11 hours', NOW() - INTERVAL '53 days' + INTERVAL '11 hours' + INTERVAL '16200 seconds', 16200, TRUE, 18000, 81000),
('c5000000-0000-0000-0000-000000000063', 'a4000000-0000-0000-0000-000000000003', 'e4000000-0000-0000-0000-000000000016', 'a5000000-0000-0000-0000-000000000048', 'b4000000-0000-0000-0000-000000000014', 'd4000000-0000-0000-0000-000000000006', 'QA pass and issue triage — Nutrition Coach Dashboard', NOW() - INTERVAL '46 days' + INTERVAL '13 hours', NOW() - INTERVAL '46 days' + INTERVAL '13 hours' + INTERVAL '10800 seconds', 10800, FALSE, 0, 0),
('c5000000-0000-0000-0000-000000000064', 'a4000000-0000-0000-0000-000000000003', 'e4000000-0000-0000-0000-000000000016', 'a5000000-0000-0000-0000-000000000048', 'b4000000-0000-0000-0000-000000000012', 'd4000000-0000-0000-0000-000000000006', 'Release readiness checks — Nutrition Coach Dashboard', NOW() - INTERVAL '39 days' + INTERVAL '9 hours', NOW() - INTERVAL '39 days' + INTERVAL '9 hours' + INTERVAL '5400 seconds', 5400, FALSE, 0, 0),
('c5000000-0000-0000-0000-000000000065', 'a4000000-0000-0000-0000-000000000003', 'e4000000-0000-0000-0000-000000000017', 'a5000000-0000-0000-0000-000000000049', 'b4000000-0000-0000-0000-000000000013', 'd4000000-0000-0000-0000-000000000006', 'Backlog sizing and delivery planning — Wearable Data Sync', NOW() - INTERVAL '58 days' + INTERVAL '9 hours', NOW() - INTERVAL '58 days' + INTERVAL '9 hours' + INTERVAL '9000 seconds', 9000, TRUE, 17200, 43000),
('c5000000-0000-0000-0000-000000000066', 'a4000000-0000-0000-0000-000000000003', 'e4000000-0000-0000-0000-000000000017', 'a5000000-0000-0000-0000-000000000050', 'b4000000-0000-0000-0000-000000000015', 'd4000000-0000-0000-0000-000000000006', 'Core implementation workstream — Wearable Data Sync', NOW() - INTERVAL '51 days' + INTERVAL '11 hours', NOW() - INTERVAL '51 days' + INTERVAL '11 hours' + INTERVAL '14400 seconds', 14400, TRUE, 17700, 70800),
('c5000000-0000-0000-0000-000000000067', 'a4000000-0000-0000-0000-000000000003', 'e4000000-0000-0000-0000-000000000017', 'a5000000-0000-0000-0000-000000000051', 'b4000000-0000-0000-0000-000000000011', 'd4000000-0000-0000-0000-000000000006', 'Release readiness checks — Wearable Data Sync', NOW() - INTERVAL '44 days' + INTERVAL '13 hours', NOW() - INTERVAL '44 days' + INTERVAL '13 hours' + INTERVAL '10800 seconds', 10800, FALSE, 0, 0),
('c5000000-0000-0000-0000-000000000068', 'a4000000-0000-0000-0000-000000000003', 'e4000000-0000-0000-0000-000000000017', 'a5000000-0000-0000-0000-000000000051', 'b4000000-0000-0000-0000-000000000013', 'd4000000-0000-0000-0000-000000000006', 'Launch support and bug review — Wearable Data Sync', NOW() - INTERVAL '37 days' + INTERVAL '9 hours', NOW() - INTERVAL '37 days' + INTERVAL '9 hours' + INTERVAL '5400 seconds', 5400, FALSE, 0, 0),
('c5000000-0000-0000-0000-000000000069', 'a4000000-0000-0000-0000-000000000003', 'e4000000-0000-0000-0000-000000000018', 'a5000000-0000-0000-0000-000000000052', 'b4000000-0000-0000-0000-000000000014', 'd4000000-0000-0000-0000-000000000006', 'Kickoff workshop and scope review — Habit Challenge Engine', NOW() - INTERVAL '56 days' + INTERVAL '9 hours', NOW() - INTERVAL '56 days' + INTERVAL '9 hours' + INTERVAL '9000 seconds', 9000, TRUE, 17000, 42500),
('c5000000-0000-0000-0000-000000000070', 'a4000000-0000-0000-0000-000000000003', 'e4000000-0000-0000-0000-000000000018', 'a5000000-0000-0000-0000-000000000053', 'b4000000-0000-0000-0000-000000000012', 'd4000000-0000-0000-0000-000000000006', 'Feature development and iteration — Habit Challenge Engine', NOW() - INTERVAL '49 days' + INTERVAL '11 hours', NOW() - INTERVAL '49 days' + INTERVAL '11 hours' + INTERVAL '14400 seconds', 14400, TRUE, 17500, 70000),
('c5000000-0000-0000-0000-000000000071', 'a4000000-0000-0000-0000-000000000003', 'e4000000-0000-0000-0000-000000000018', 'a5000000-0000-0000-0000-000000000054', 'b4000000-0000-0000-0000-000000000014', 'd4000000-0000-0000-0000-000000000006', 'Paused coordination for on-hold project Habit Challenge Engine', NOW() - INTERVAL '42 days' + INTERVAL '13 hours', NOW() - INTERVAL '42 days' + INTERVAL '13 hours' + INTERVAL '10800 seconds', 10800, FALSE, 0, 0),
('c5000000-0000-0000-0000-000000000072', 'a4000000-0000-0000-0000-000000000003', 'e4000000-0000-0000-0000-000000000018', 'a5000000-0000-0000-0000-000000000054', 'b4000000-0000-0000-0000-000000000012', 'd4000000-0000-0000-0000-000000000006', 'Paused coordination for on-hold project Habit Challenge Engine', NOW() - INTERVAL '35 days' + INTERVAL '9 hours', NOW() - INTERVAL '35 days' + INTERVAL '9 hours' + INTERVAL '5400 seconds', 5400, FALSE, 0, 0),
('c5000000-0000-0000-0000-000000000073', 'a4000000-0000-0000-0000-000000000004', 'e4000000-0000-0000-0000-000000000019', 'a5000000-0000-0000-0000-000000000055', 'b4000000-0000-0000-0000-000000000018', 'd4000000-0000-0000-0000-000000000007', 'Requirements alignment with stakeholders — Executive Risk Dashboard', NOW() - INTERVAL '54 days' + INTERVAL '9 hours', NOW() - INTERVAL '54 days' + INTERVAL '9 hours' + INTERVAL '9000 seconds', 9000, TRUE, 23000, 57500),
('c5000000-0000-0000-0000-000000000074', 'a4000000-0000-0000-0000-000000000004', 'e4000000-0000-0000-0000-000000000019', 'a5000000-0000-0000-0000-000000000056', 'b4000000-0000-0000-0000-000000000019', 'd4000000-0000-0000-0000-000000000007', 'API / UI integration work — Executive Risk Dashboard', NOW() - INTERVAL '47 days' + INTERVAL '11 hours', NOW() - INTERVAL '47 days' + INTERVAL '11 hours' + INTERVAL '14400 seconds', 14400, TRUE, 23500, 94000),
('c5000000-0000-0000-0000-000000000075', 'a4000000-0000-0000-0000-000000000004', 'e4000000-0000-0000-0000-000000000019', 'a5000000-0000-0000-0000-000000000057', 'b4000000-0000-0000-0000-000000000016', 'd4000000-0000-0000-0000-000000000007', 'QA pass and issue triage — Executive Risk Dashboard', NOW() - INTERVAL '40 days' + INTERVAL '13 hours', NOW() - INTERVAL '40 days' + INTERVAL '13 hours' + INTERVAL '10800 seconds', 10800, FALSE, 0, 0),
('c5000000-0000-0000-0000-000000000076', 'a4000000-0000-0000-0000-000000000004', 'e4000000-0000-0000-0000-000000000019', 'a5000000-0000-0000-0000-000000000057', 'b4000000-0000-0000-0000-000000000018', 'd4000000-0000-0000-0000-000000000007', 'Release readiness checks — Executive Risk Dashboard', NOW() - INTERVAL '33 days' + INTERVAL '9 hours', NOW() - INTERVAL '33 days' + INTERVAL '9 hours' + INTERVAL '5400 seconds', 5400, FALSE, 0, 0),
('c5000000-0000-0000-0000-000000000077', 'a4000000-0000-0000-0000-000000000004', 'e4000000-0000-0000-0000-000000000020', 'a5000000-0000-0000-0000-000000000058', 'b4000000-0000-0000-0000-000000000019', 'd4000000-0000-0000-0000-000000000007', 'Backlog sizing and delivery planning — Collections Workflow Automation', NOW() - INTERVAL '52 days' + INTERVAL '9 hours', NOW() - INTERVAL '52 days' + INTERVAL '9 hours' + INTERVAL '9000 seconds', 9000, TRUE, 22800, 57000),
('c5000000-0000-0000-0000-000000000078', 'a4000000-0000-0000-0000-000000000004', 'e4000000-0000-0000-0000-000000000020', 'a5000000-0000-0000-0000-000000000059', 'b4000000-0000-0000-0000-000000000020', 'd4000000-0000-0000-0000-000000000007', 'Core implementation workstream — Collections Workflow Automation', NOW() - INTERVAL '45 days' + INTERVAL '11 hours', NOW() - INTERVAL '45 days' + INTERVAL '11 hours' + INTERVAL '16200 seconds', 16200, TRUE, 23300, 104850),
('c5000000-0000-0000-0000-000000000079', 'a4000000-0000-0000-0000-000000000004', 'e4000000-0000-0000-0000-000000000020', 'a5000000-0000-0000-0000-000000000060', 'b4000000-0000-0000-0000-000000000017', 'd4000000-0000-0000-0000-000000000007', 'Release readiness checks — Collections Workflow Automation', NOW() - INTERVAL '38 days' + INTERVAL '13 hours', NOW() - INTERVAL '38 days' + INTERVAL '13 hours' + INTERVAL '10800 seconds', 10800, FALSE, 0, 0),
('c5000000-0000-0000-0000-000000000080', 'a4000000-0000-0000-0000-000000000004', 'e4000000-0000-0000-0000-000000000020', NULL, 'b4000000-0000-0000-0000-000000000019', 'd4000000-0000-0000-0000-000000000007', 'Internal sync for Collections Workflow Automation', NOW() - INTERVAL '31 days' + INTERVAL '9 hours', NOW() - INTERVAL '31 days' + INTERVAL '9 hours' + INTERVAL '5400 seconds', 5400, FALSE, 0, 0),
('c5000000-0000-0000-0000-000000000081', 'a4000000-0000-0000-0000-000000000004', 'e4000000-0000-0000-0000-000000000021', 'a5000000-0000-0000-0000-000000000061', 'b4000000-0000-0000-0000-000000000018', 'd4000000-0000-0000-0000-000000000007', 'Kickoff workshop and scope review — Loan Origination UI Refresh', NOW() - INTERVAL '50 days' + INTERVAL '9 hours', NOW() - INTERVAL '50 days' + INTERVAL '9 hours' + INTERVAL '9000 seconds', 9000, TRUE, 22500, 56250),
('c5000000-0000-0000-0000-000000000082', 'a4000000-0000-0000-0000-000000000004', 'e4000000-0000-0000-0000-000000000021', 'a5000000-0000-0000-0000-000000000062', 'b4000000-0000-0000-0000-000000000019', 'd4000000-0000-0000-0000-000000000007', 'Feature development and iteration — Loan Origination UI Refresh', NOW() - INTERVAL '43 days' + INTERVAL '11 hours', NOW() - INTERVAL '43 days' + INTERVAL '11 hours' + INTERVAL '14400 seconds', 14400, TRUE, 23000, 92000),
('c5000000-0000-0000-0000-000000000083', 'a4000000-0000-0000-0000-000000000004', 'e4000000-0000-0000-0000-000000000021', 'a5000000-0000-0000-0000-000000000063', 'b4000000-0000-0000-0000-000000000016', 'd4000000-0000-0000-0000-000000000007', 'Launch support and bug review — Loan Origination UI Refresh', NOW() - INTERVAL '36 days' + INTERVAL '13 hours', NOW() - INTERVAL '36 days' + INTERVAL '13 hours' + INTERVAL '10800 seconds', 10800, FALSE, 0, 0),
('c5000000-0000-0000-0000-000000000084', 'a4000000-0000-0000-0000-000000000004', 'e4000000-0000-0000-0000-000000000021', 'a5000000-0000-0000-0000-000000000063', 'b4000000-0000-0000-0000-000000000018', 'd4000000-0000-0000-0000-000000000007', 'Post-launch support retrospective for Loan Origination UI Refresh', NOW() - INTERVAL '29 days' + INTERVAL '9 hours', NOW() - INTERVAL '29 days' + INTERVAL '9 hours' + INTERVAL '5400 seconds', 5400, FALSE, 0, 0),
('c5000000-0000-0000-0000-000000000085', 'a4000000-0000-0000-0000-000000000004', 'e4000000-0000-0000-0000-000000000022', 'a5000000-0000-0000-0000-000000000064', 'b4000000-0000-0000-0000-000000000019', 'd4000000-0000-0000-0000-000000000008', 'Requirements alignment with stakeholders — Valuation Model Workbench', NOW() - INTERVAL '48 days' + INTERVAL '9 hours', NOW() - INTERVAL '48 days' + INTERVAL '9 hours' + INTERVAL '9000 seconds', 9000, TRUE, 18200, 45500),
('c5000000-0000-0000-0000-000000000086', 'a4000000-0000-0000-0000-000000000004', 'e4000000-0000-0000-0000-000000000022', 'a5000000-0000-0000-0000-000000000065', 'b4000000-0000-0000-0000-000000000017', 'd4000000-0000-0000-0000-000000000008', 'API / UI integration work — Valuation Model Workbench', NOW() - INTERVAL '41 days' + INTERVAL '11 hours', NOW() - INTERVAL '41 days' + INTERVAL '11 hours' + INTERVAL '14400 seconds', 14400, TRUE, 18700, 74800),
('c5000000-0000-0000-0000-000000000087', 'a4000000-0000-0000-0000-000000000004', 'e4000000-0000-0000-0000-000000000022', 'a5000000-0000-0000-0000-000000000066', 'b4000000-0000-0000-0000-000000000019', 'd4000000-0000-0000-0000-000000000008', 'QA pass and issue triage — Valuation Model Workbench', NOW() - INTERVAL '34 days' + INTERVAL '13 hours', NOW() - INTERVAL '34 days' + INTERVAL '13 hours' + INTERVAL '10800 seconds', 10800, FALSE, 0, 0),
('c5000000-0000-0000-0000-000000000088', 'a4000000-0000-0000-0000-000000000004', 'e4000000-0000-0000-0000-000000000022', 'a5000000-0000-0000-0000-000000000066', 'b4000000-0000-0000-0000-000000000017', 'd4000000-0000-0000-0000-000000000008', 'Release readiness checks — Valuation Model Workbench', NOW() - INTERVAL '27 days' + INTERVAL '9 hours', NOW() - INTERVAL '27 days' + INTERVAL '9 hours' + INTERVAL '5400 seconds', 5400, FALSE, 0, 0),
('c5000000-0000-0000-0000-000000000089', 'a4000000-0000-0000-0000-000000000004', 'e4000000-0000-0000-0000-000000000023', 'a5000000-0000-0000-0000-000000000067', 'b4000000-0000-0000-0000-000000000018', 'd4000000-0000-0000-0000-000000000008', 'Backlog sizing and delivery planning — Broker Deal Tracker', NOW() - INTERVAL '46 days' + INTERVAL '9 hours', NOW() - INTERVAL '46 days' + INTERVAL '9 hours' + INTERVAL '9000 seconds', 9000, TRUE, 18000, 45000),
('c5000000-0000-0000-0000-000000000090', 'a4000000-0000-0000-0000-000000000004', 'e4000000-0000-0000-0000-000000000023', 'a5000000-0000-0000-0000-000000000068', 'b4000000-0000-0000-0000-000000000020', 'd4000000-0000-0000-0000-000000000008', 'Core implementation workstream — Broker Deal Tracker', NOW() - INTERVAL '39 days' + INTERVAL '11 hours', NOW() - INTERVAL '39 days' + INTERVAL '11 hours' + INTERVAL '14400 seconds', 14400, TRUE, 18500, 74000),
('c5000000-0000-0000-0000-000000000091', 'a4000000-0000-0000-0000-000000000004', 'e4000000-0000-0000-0000-000000000023', 'a5000000-0000-0000-0000-000000000069', 'b4000000-0000-0000-0000-000000000016', 'd4000000-0000-0000-0000-000000000008', 'Release readiness checks — Broker Deal Tracker', NOW() - INTERVAL '32 days' + INTERVAL '13 hours', NOW() - INTERVAL '32 days' + INTERVAL '13 hours' + INTERVAL '10800 seconds', 10800, FALSE, 0, 0),
('c5000000-0000-0000-0000-000000000092', 'a4000000-0000-0000-0000-000000000004', 'e4000000-0000-0000-0000-000000000023', 'a5000000-0000-0000-0000-000000000069', 'b4000000-0000-0000-0000-000000000018', 'd4000000-0000-0000-0000-000000000008', 'Launch support and bug review — Broker Deal Tracker', NOW() - INTERVAL '25 days' + INTERVAL '9 hours', NOW() - INTERVAL '25 days' + INTERVAL '9 hours' + INTERVAL '5400 seconds', 5400, FALSE, 0, 0),
('c5000000-0000-0000-0000-000000000093', 'a4000000-0000-0000-0000-000000000004', 'e4000000-0000-0000-0000-000000000024', 'a5000000-0000-0000-0000-000000000070', 'b4000000-0000-0000-0000-000000000019', 'd4000000-0000-0000-0000-000000000008', 'Kickoff workshop and scope review — Investor Report Generator', NOW() - INTERVAL '44 days' + INTERVAL '9 hours', NOW() - INTERVAL '44 days' + INTERVAL '9 hours' + INTERVAL '9000 seconds', 9000, TRUE, 17800, 44500),
('c5000000-0000-0000-0000-000000000094', 'a4000000-0000-0000-0000-000000000004', 'e4000000-0000-0000-0000-000000000024', 'a5000000-0000-0000-0000-000000000071', 'b4000000-0000-0000-0000-000000000017', 'd4000000-0000-0000-0000-000000000008', 'Feature development and iteration — Investor Report Generator', NOW() - INTERVAL '37 days' + INTERVAL '11 hours', NOW() - INTERVAL '37 days' + INTERVAL '11 hours' + INTERVAL '16200 seconds', 16200, TRUE, 18300, 82350),
('c5000000-0000-0000-0000-000000000095', 'a4000000-0000-0000-0000-000000000004', 'e4000000-0000-0000-0000-000000000024', 'a5000000-0000-0000-0000-000000000072', 'b4000000-0000-0000-0000-000000000019', 'd4000000-0000-0000-0000-000000000008', 'Launch support and bug review — Investor Report Generator', NOW() - INTERVAL '30 days' + INTERVAL '13 hours', NOW() - INTERVAL '30 days' + INTERVAL '13 hours' + INTERVAL '10800 seconds', 10800, FALSE, 0, 0),
('c5000000-0000-0000-0000-000000000096', 'a4000000-0000-0000-0000-000000000004', 'e4000000-0000-0000-0000-000000000024', 'a5000000-0000-0000-0000-000000000072', 'b4000000-0000-0000-0000-000000000017', 'd4000000-0000-0000-0000-000000000008', 'Post-launch support retrospective for Investor Report Generator', NOW() - INTERVAL '23 days' + INTERVAL '9 hours', NOW() - INTERVAL '23 days' + INTERVAL '9 hours' + INTERVAL '5400 seconds', 5400, FALSE, 0, 0),
('c5000000-0000-0000-0000-000000000097', 'a4000000-0000-0000-0000-000000000005', 'e4000000-0000-0000-0000-000000000025', 'a5000000-0000-0000-0000-000000000073', 'b4000000-0000-0000-0000-000000000023', 'd4000000-0000-0000-0000-000000000009', 'Requirements alignment with stakeholders — LMS Revamp', NOW() - INTERVAL '42 days' + INTERVAL '9 hours', NOW() - INTERVAL '42 days' + INTERVAL '9 hours' + INTERVAL '9000 seconds', 9000, TRUE, 15500, 38750),
('c5000000-0000-0000-0000-000000000098', 'a4000000-0000-0000-0000-000000000005', 'e4000000-0000-0000-0000-000000000025', 'a5000000-0000-0000-0000-000000000074', 'b4000000-0000-0000-0000-000000000024', 'd4000000-0000-0000-0000-000000000009', 'API / UI integration work — LMS Revamp', NOW() - INTERVAL '35 days' + INTERVAL '11 hours', NOW() - INTERVAL '35 days' + INTERVAL '11 hours' + INTERVAL '14400 seconds', 14400, TRUE, 16000, 64000),
('c5000000-0000-0000-0000-000000000099', 'a4000000-0000-0000-0000-000000000005', 'e4000000-0000-0000-0000-000000000025', 'a5000000-0000-0000-0000-000000000075', 'b4000000-0000-0000-0000-000000000021', 'd4000000-0000-0000-0000-000000000009', 'QA pass and issue triage — LMS Revamp', NOW() - INTERVAL '28 days' + INTERVAL '13 hours', NOW() - INTERVAL '28 days' + INTERVAL '13 hours' + INTERVAL '10800 seconds', 10800, FALSE, 0, 0),
('c5000000-0000-0000-0000-000000000100', 'a4000000-0000-0000-0000-000000000005', 'e4000000-0000-0000-0000-000000000025', NULL, 'b4000000-0000-0000-0000-000000000023', 'd4000000-0000-0000-0000-000000000009', 'Internal sync for LMS Revamp', NOW() - INTERVAL '21 days' + INTERVAL '9 hours', NOW() - INTERVAL '21 days' + INTERVAL '9 hours' + INTERVAL '5400 seconds', 5400, FALSE, 0, 0),
('c5000000-0000-0000-0000-000000000101', 'a4000000-0000-0000-0000-000000000005', 'e4000000-0000-0000-0000-000000000026', 'a5000000-0000-0000-0000-000000000076', 'b4000000-0000-0000-0000-000000000024', 'd4000000-0000-0000-0000-000000000009', 'Backlog sizing and delivery planning — Adaptive Quiz Engine', NOW() - INTERVAL '40 days' + INTERVAL '9 hours', NOW() - INTERVAL '40 days' + INTERVAL '9 hours' + INTERVAL '9000 seconds', 9000, TRUE, 15800, 39500),
('c5000000-0000-0000-0000-000000000102', 'a4000000-0000-0000-0000-000000000005', 'e4000000-0000-0000-0000-000000000026', 'a5000000-0000-0000-0000-000000000077', 'b4000000-0000-0000-0000-000000000022', 'd4000000-0000-0000-0000-000000000009', 'Core implementation workstream — Adaptive Quiz Engine', NOW() - INTERVAL '33 days' + INTERVAL '11 hours', NOW() - INTERVAL '33 days' + INTERVAL '11 hours' + INTERVAL '14400 seconds', 14400, TRUE, 16300, 65200),
('c5000000-0000-0000-0000-000000000103', 'a4000000-0000-0000-0000-000000000005', 'e4000000-0000-0000-0000-000000000026', 'a5000000-0000-0000-0000-000000000078', 'b4000000-0000-0000-0000-000000000024', 'd4000000-0000-0000-0000-000000000009', 'Release readiness checks — Adaptive Quiz Engine', NOW() - INTERVAL '26 days' + INTERVAL '13 hours', NOW() - INTERVAL '26 days' + INTERVAL '13 hours' + INTERVAL '10800 seconds', 10800, FALSE, 0, 0),
('c5000000-0000-0000-0000-000000000104', 'a4000000-0000-0000-0000-000000000005', 'e4000000-0000-0000-0000-000000000026', 'a5000000-0000-0000-0000-000000000078', 'b4000000-0000-0000-0000-000000000022', 'd4000000-0000-0000-0000-000000000009', 'Launch support and bug review — Adaptive Quiz Engine', NOW() - INTERVAL '19 days' + INTERVAL '9 hours', NOW() - INTERVAL '19 days' + INTERVAL '9 hours' + INTERVAL '5400 seconds', 5400, FALSE, 0, 0),
('c5000000-0000-0000-0000-000000000105', 'a4000000-0000-0000-0000-000000000005', 'e4000000-0000-0000-0000-000000000027', 'a5000000-0000-0000-0000-000000000079', 'b4000000-0000-0000-0000-000000000023', 'd4000000-0000-0000-0000-000000000009', 'Kickoff workshop and scope review — Teacher Portal', NOW() - INTERVAL '38 days' + INTERVAL '9 hours', NOW() - INTERVAL '38 days' + INTERVAL '9 hours' + INTERVAL '9000 seconds', 9000, TRUE, 15000, 37500),
('c5000000-0000-0000-0000-000000000106', 'a4000000-0000-0000-0000-000000000005', 'e4000000-0000-0000-0000-000000000027', 'a5000000-0000-0000-0000-000000000080', 'b4000000-0000-0000-0000-000000000021', 'd4000000-0000-0000-0000-000000000009', 'Feature development and iteration — Teacher Portal', NOW() - INTERVAL '31 days' + INTERVAL '11 hours', NOW() - INTERVAL '31 days' + INTERVAL '11 hours' + INTERVAL '14400 seconds', 14400, TRUE, 15500, 62000),
('c5000000-0000-0000-0000-000000000107', 'a4000000-0000-0000-0000-000000000005', 'e4000000-0000-0000-0000-000000000027', 'a5000000-0000-0000-0000-000000000081', 'b4000000-0000-0000-0000-000000000023', 'd4000000-0000-0000-0000-000000000009', 'Launch support and bug review — Teacher Portal', NOW() - INTERVAL '24 days' + INTERVAL '13 hours', NOW() - INTERVAL '24 days' + INTERVAL '13 hours' + INTERVAL '10800 seconds', 10800, FALSE, 0, 0),
('c5000000-0000-0000-0000-000000000108', 'a4000000-0000-0000-0000-000000000005', 'e4000000-0000-0000-0000-000000000027', 'a5000000-0000-0000-0000-000000000081', 'b4000000-0000-0000-0000-000000000021', 'd4000000-0000-0000-0000-000000000009', 'Post-launch support retrospective for Teacher Portal', NOW() - INTERVAL '17 days' + INTERVAL '9 hours', NOW() - INTERVAL '17 days' + INTERVAL '9 hours' + INTERVAL '5400 seconds', 5400, FALSE, 0, 0),
('c5000000-0000-0000-0000-000000000109', 'a4000000-0000-0000-0000-000000000005', 'e4000000-0000-0000-0000-000000000028', 'a5000000-0000-0000-0000-000000000082', 'b4000000-0000-0000-0000-000000000024', 'd4000000-0000-0000-0000-000000000010', 'Requirements alignment with stakeholders — Creator Media Kit CMS', NOW() - INTERVAL '36 days' + INTERVAL '9 hours', NOW() - INTERVAL '36 days' + INTERVAL '9 hours' + INTERVAL '9000 seconds', 9000, TRUE, 13800, 34500),
('c5000000-0000-0000-0000-000000000110', 'a4000000-0000-0000-0000-000000000005', 'e4000000-0000-0000-0000-000000000028', 'a5000000-0000-0000-0000-000000000083', 'b4000000-0000-0000-0000-000000000022', 'd4000000-0000-0000-0000-000000000010', 'API / UI integration work — Creator Media Kit CMS', NOW() - INTERVAL '29 days' + INTERVAL '11 hours', NOW() - INTERVAL '29 days' + INTERVAL '11 hours' + INTERVAL '16200 seconds', 16200, TRUE, 14300, 64350),
('c5000000-0000-0000-0000-000000000111', 'a4000000-0000-0000-0000-000000000005', 'e4000000-0000-0000-0000-000000000028', 'a5000000-0000-0000-0000-000000000084', 'b4000000-0000-0000-0000-000000000024', 'd4000000-0000-0000-0000-000000000010', 'QA pass and issue triage — Creator Media Kit CMS', NOW() - INTERVAL '22 days' + INTERVAL '13 hours', NOW() - INTERVAL '22 days' + INTERVAL '13 hours' + INTERVAL '10800 seconds', 10800, FALSE, 0, 0),
('c5000000-0000-0000-0000-000000000112', 'a4000000-0000-0000-0000-000000000005', 'e4000000-0000-0000-0000-000000000028', 'a5000000-0000-0000-0000-000000000084', 'b4000000-0000-0000-0000-000000000022', 'd4000000-0000-0000-0000-000000000010', 'Release readiness checks — Creator Media Kit CMS', NOW() - INTERVAL '15 days' + INTERVAL '9 hours', NOW() - INTERVAL '15 days' + INTERVAL '9 hours' + INTERVAL '5400 seconds', 5400, FALSE, 0, 0),
('c5000000-0000-0000-0000-000000000113', 'a4000000-0000-0000-0000-000000000005', 'e4000000-0000-0000-0000-000000000029', 'a5000000-0000-0000-0000-000000000085', 'b4000000-0000-0000-0000-000000000023', 'd4000000-0000-0000-0000-000000000010', 'Backlog sizing and delivery planning — Affiliate Revenue Reporting', NOW() - INTERVAL '34 days' + INTERVAL '9 hours', NOW() - INTERVAL '34 days' + INTERVAL '9 hours' + INTERVAL '9000 seconds', 9000, TRUE, 13600, 34000),
('c5000000-0000-0000-0000-000000000114', 'a4000000-0000-0000-0000-000000000005', 'e4000000-0000-0000-0000-000000000029', 'a5000000-0000-0000-0000-000000000086', 'b4000000-0000-0000-0000-000000000024', 'd4000000-0000-0000-0000-000000000010', 'Core implementation workstream — Affiliate Revenue Reporting', NOW() - INTERVAL '27 days' + INTERVAL '11 hours', NOW() - INTERVAL '27 days' + INTERVAL '11 hours' + INTERVAL '14400 seconds', 14400, TRUE, 14100, 56400),
('c5000000-0000-0000-0000-000000000115', 'a4000000-0000-0000-0000-000000000005', 'e4000000-0000-0000-0000-000000000029', 'a5000000-0000-0000-0000-000000000087', 'b4000000-0000-0000-0000-000000000021', 'd4000000-0000-0000-0000-000000000010', 'Release readiness checks — Affiliate Revenue Reporting', NOW() - INTERVAL '20 days' + INTERVAL '13 hours', NOW() - INTERVAL '20 days' + INTERVAL '13 hours' + INTERVAL '10800 seconds', 10800, FALSE, 0, 0),
('c5000000-0000-0000-0000-000000000116', 'a4000000-0000-0000-0000-000000000005', 'e4000000-0000-0000-0000-000000000029', 'a5000000-0000-0000-0000-000000000087', 'b4000000-0000-0000-0000-000000000023', 'd4000000-0000-0000-0000-000000000010', 'Launch support and bug review — Affiliate Revenue Reporting', NOW() - INTERVAL '13 days' + INTERVAL '9 hours', NOW() - INTERVAL '13 days' + INTERVAL '9 hours' + INTERVAL '5400 seconds', 5400, FALSE, 0, 0),
('c5000000-0000-0000-0000-000000000117', 'a4000000-0000-0000-0000-000000000005', 'e4000000-0000-0000-0000-000000000030', 'a5000000-0000-0000-0000-000000000088', 'b4000000-0000-0000-0000-000000000024', 'd4000000-0000-0000-0000-000000000010', 'Kickoff workshop and scope review — Trip Planner Community Feed', NOW() - INTERVAL '32 days' + INTERVAL '9 hours', NOW() - INTERVAL '32 days' + INTERVAL '9 hours' + INTERVAL '9000 seconds', 9000, TRUE, 13500, 33750),
('c5000000-0000-0000-0000-000000000118', 'a4000000-0000-0000-0000-000000000005', 'e4000000-0000-0000-0000-000000000030', 'a5000000-0000-0000-0000-000000000089', 'b4000000-0000-0000-0000-000000000023', 'd4000000-0000-0000-0000-000000000010', 'Feature development and iteration — Trip Planner Community Feed', NOW() - INTERVAL '25 days' + INTERVAL '11 hours', NOW() - INTERVAL '25 days' + INTERVAL '11 hours' + INTERVAL '14400 seconds', 14400, TRUE, 14000, 56000),
('c5000000-0000-0000-0000-000000000119', 'a4000000-0000-0000-0000-000000000005', 'e4000000-0000-0000-0000-000000000030', 'a5000000-0000-0000-0000-000000000090', 'b4000000-0000-0000-0000-000000000022', 'd4000000-0000-0000-0000-000000000010', 'Paused coordination for on-hold project Trip Planner Community Feed', NOW() - INTERVAL '18 days' + INTERVAL '13 hours', NOW() - INTERVAL '18 days' + INTERVAL '13 hours' + INTERVAL '10800 seconds', 10800, FALSE, 0, 0),
('c5000000-0000-0000-0000-000000000120', 'a4000000-0000-0000-0000-000000000005', 'e4000000-0000-0000-0000-000000000030', NULL, 'b4000000-0000-0000-0000-000000000024', 'd4000000-0000-0000-0000-000000000010', 'Paused coordination for on-hold project Trip Planner Community Feed', NOW() - INTERVAL '11 days' + INTERVAL '9 hours', NOW() - INTERVAL '11 days' + INTERVAL '9 hours' + INTERVAL '5400 seconds', 5400, FALSE, 0, 0);

-- 10. INVOICES
INSERT INTO invoices (id, team_id, client_id, invoice_number, status, issued_date, due_date, subtotal_cents, tax_rate_percent, tax_amount_cents, total_cents, notes) VALUES
('d5000000-0000-0000-0000-000000000001', 'a4000000-0000-0000-0000-000000000001', 'd4000000-0000-0000-0000-000000000001', 'BW-2025-001', 'paid', '2025-01-22', '2025-02-12', 78750, 7.00, 5512, 84262, 'Final billing for Luna Fashion House'),
('d5000000-0000-0000-0000-000000000002', 'a4000000-0000-0000-0000-000000000001', 'd4000000-0000-0000-0000-000000000001', 'BW-2025-002', 'sent', '2025-02-19', '2025-03-12', 103500, 7.00, 7245, 110745, 'Current billing for Luna Fashion House'),
('d5000000-0000-0000-0000-000000000003', 'a4000000-0000-0000-0000-000000000001', 'd4000000-0000-0000-0000-000000000002', 'BW-2025-003', 'paid', '2025-02-03', '2025-02-24', 71250, 7.00, 4988, 76238, 'Final billing for GreenBite Foods'),
('d5000000-0000-0000-0000-000000000004', 'a4000000-0000-0000-0000-000000000001', 'd4000000-0000-0000-0000-000000000002', 'BW-2025-004', 'draft', '2025-03-03', '2025-03-24', 103000, 7.00, 7210, 110210, 'Current billing for GreenBite Foods'),
('d5000000-0000-0000-0000-000000000005', 'a4000000-0000-0000-0000-000000000002', 'd4000000-0000-0000-0000-000000000003', 'AT-2025-005', 'paid', '2025-02-15', '2025-03-08', 132500, 9.00, 11925, 144425, 'Final billing for NovaShip Logistics'),
('d5000000-0000-0000-0000-000000000006', 'a4000000-0000-0000-0000-000000000002', 'd4000000-0000-0000-0000-000000000003', 'AT-2025-006', 'sent', '2025-03-15', '2025-04-05', 169750, 9.00, 15278, 185028, 'Current billing for NovaShip Logistics'),
('d5000000-0000-0000-0000-000000000007', 'a4000000-0000-0000-0000-000000000002', 'd4000000-0000-0000-0000-000000000004', 'AT-2025-007', 'paid', '2025-02-27', '2025-03-20', 138750, 7.00, 9712, 148462, 'Final billing for SkyBank Infrastructure'),
('d5000000-0000-0000-0000-000000000008', 'a4000000-0000-0000-0000-000000000002', 'd4000000-0000-0000-0000-000000000004', 'AT-2025-008', 'cancelled', '2025-03-27', '2025-04-10', 180250, 7.00, 12618, 192868, 'Current billing for SkyBank Infrastructure'),
('d5000000-0000-0000-0000-000000000009', 'a4000000-0000-0000-0000-000000000003', 'd4000000-0000-0000-0000-000000000005', 'MF-2025-009', 'paid', '2025-03-11', '2025-04-01', 96250, 7.00, 6738, 102988, 'Final billing for VitaCare Clinic'),
('d5000000-0000-0000-0000-000000000010', 'a4000000-0000-0000-0000-000000000003', 'd4000000-0000-0000-0000-000000000005', 'MF-2025-010', 'sent', '2025-04-08', '2025-04-29', 124250, 7.00, 8698, 132948, 'Current billing for VitaCare Clinic'),
('d5000000-0000-0000-0000-000000000011', 'a4000000-0000-0000-0000-000000000003', 'd4000000-0000-0000-0000-000000000006', 'MF-2025-011', 'paid', '2025-03-23', '2025-04-13', 86750, 7.00, 6072, 92822, 'Final billing for FitSphere Wellness'),
('d5000000-0000-0000-0000-000000000012', 'a4000000-0000-0000-0000-000000000003', 'd4000000-0000-0000-0000-000000000006', 'MF-2025-012', 'draft', '2025-04-20', '2025-05-11', 123500, 7.00, 8645, 132145, 'Current billing for FitSphere Wellness'),
('d5000000-0000-0000-0000-000000000013', 'a4000000-0000-0000-0000-000000000004', 'd4000000-0000-0000-0000-000000000007', 'LL-2025-013', 'paid', '2025-04-04', '2025-04-25', 114500, 7.00, 8015, 122515, 'Final billing for CapitalBridge Finance'),
('d5000000-0000-0000-0000-000000000014', 'a4000000-0000-0000-0000-000000000004', 'd4000000-0000-0000-0000-000000000007', 'LL-2025-014', 'sent', '2025-05-02', '2025-05-23', 150250, 7.00, 10518, 160768, 'Current billing for CapitalBridge Finance'),
('d5000000-0000-0000-0000-000000000015', 'a4000000-0000-0000-0000-000000000004', 'd4000000-0000-0000-0000-000000000008', 'LL-2025-015', 'paid', '2025-04-16', '2025-05-07', 90500, 7.00, 6335, 96835, 'Final billing for PropSense Realty'),
('d5000000-0000-0000-0000-000000000016', 'a4000000-0000-0000-0000-000000000004', 'd4000000-0000-0000-0000-000000000008', 'LL-2025-016', 'draft', '2025-05-14', '2025-06-04', 119300, 7.00, 8351, 127651, 'Current billing for PropSense Realty'),
('d5000000-0000-0000-0000-000000000017', 'a4000000-0000-0000-0000-000000000005', 'd4000000-0000-0000-0000-000000000009', 'AU-2025-017', 'paid', '2025-04-28', '2025-05-19', 78250, 7.00, 5478, 83728, 'Final billing for LearnLoop Academy'),
('d5000000-0000-0000-0000-000000000018', 'a4000000-0000-0000-0000-000000000005', 'd4000000-0000-0000-0000-000000000009', 'AU-2025-018', 'cancelled', '2025-05-26', '2025-06-09', 101500, 7.00, 7105, 108605, 'Current billing for LearnLoop Academy'),
('d5000000-0000-0000-0000-000000000019', 'a4000000-0000-0000-0000-000000000005', 'd4000000-0000-0000-0000-000000000010', 'AU-2025-019', 'paid', '2025-05-10', '2025-05-31', 68500, 7.00, 4795, 73295, 'Final billing for TravelerJoy Media'),
('d5000000-0000-0000-0000-000000000020', 'a4000000-0000-0000-0000-000000000005', 'd4000000-0000-0000-0000-000000000010', 'AU-2025-020', 'draft', '2025-06-07', '2025-06-28', 98100, 7.00, 6867, 104967, 'Current billing for TravelerJoy Media');

-- 11. INVOICE ITEMS
INSERT INTO invoice_items (id, team_id, invoice_id, time_entry_id, description, quantity, rate_cents, amount_cents) VALUES
('e5000000-0000-0000-0000-000000000001', 'a4000000-0000-0000-0000-000000000001', 'd5000000-0000-0000-0000-000000000001', 'c5000000-0000-0000-0000-000000000001', 'Requirements alignment with stakeholders — Luxury Storefront Refresh', 2.50, 16000, 40000),
('e5000000-0000-0000-0000-000000000002', 'a4000000-0000-0000-0000-000000000001', 'd5000000-0000-0000-0000-000000000001', 'c5000000-0000-0000-0000-000000000005', 'Backlog sizing and delivery planning — Campaign Microsite Factory', 2.50, 15500, 38750),
('e5000000-0000-0000-0000-000000000003', 'a4000000-0000-0000-0000-000000000001', 'd5000000-0000-0000-0000-000000000002', 'c5000000-0000-0000-0000-000000000009', 'Kickoff workshop and scope review — Influencer Asset Portal', 2.50, 15000, 37500),
('e5000000-0000-0000-0000-000000000004', 'a4000000-0000-0000-0000-000000000001', 'd5000000-0000-0000-0000-000000000002', 'c5000000-0000-0000-0000-000000000002', 'API / UI integration work — Luxury Storefront Refresh', 4.00, 16500, 66000),
('e5000000-0000-0000-0000-000000000005', 'a4000000-0000-0000-0000-000000000001', 'd5000000-0000-0000-0000-000000000003', 'c5000000-0000-0000-0000-000000000013', 'Requirements alignment with stakeholders — Subscription Checkout Optimization', 2.50, 14500, 36250),
('e5000000-0000-0000-0000-000000000006', 'a4000000-0000-0000-0000-000000000001', 'd5000000-0000-0000-0000-000000000003', 'c5000000-0000-0000-0000-000000000017', 'Backlog sizing and delivery planning — Packaging Feedback Dashboard', 2.50, 14000, 35000),
('e5000000-0000-0000-0000-000000000007', 'a4000000-0000-0000-0000-000000000001', 'd5000000-0000-0000-0000-000000000004', 'c5000000-0000-0000-0000-000000000021', 'Kickoff workshop and scope review — Franchise Location CMS', 2.50, 14200, 35500),
('e5000000-0000-0000-0000-000000000008', 'a4000000-0000-0000-0000-000000000001', 'd5000000-0000-0000-0000-000000000004', 'c5000000-0000-0000-0000-000000000014', 'API / UI integration work — Subscription Checkout Optimization', 4.50, 15000, 67500),
('e5000000-0000-0000-0000-000000000009', 'a4000000-0000-0000-0000-000000000002', 'd5000000-0000-0000-0000-000000000005', 'c5000000-0000-0000-0000-000000000025', 'Requirements alignment with stakeholders — Fleet Control Tower', 2.50, 26000, 65000),
('e5000000-0000-0000-0000-000000000010', 'a4000000-0000-0000-0000-000000000002', 'd5000000-0000-0000-0000-000000000005', 'c5000000-0000-0000-0000-000000000029', 'Backlog sizing and delivery planning — Warehouse K8s Migration', 2.50, 27000, 67500),
('e5000000-0000-0000-0000-000000000011', 'a4000000-0000-0000-0000-000000000002', 'd5000000-0000-0000-0000-000000000006', 'c5000000-0000-0000-0000-000000000033', 'Kickoff workshop and scope review — Driver Incident App API', 2.50, 25500, 63750),
('e5000000-0000-0000-0000-000000000012', 'a4000000-0000-0000-0000-000000000002', 'd5000000-0000-0000-0000-000000000006', 'c5000000-0000-0000-0000-000000000026', 'API / UI integration work — Fleet Control Tower', 4.00, 26500, 106000),
('e5000000-0000-0000-0000-000000000013', 'a4000000-0000-0000-0000-000000000002', 'd5000000-0000-0000-0000-000000000007', 'c5000000-0000-0000-0000-000000000037', 'Requirements alignment with stakeholders — Zero Trust Rollout', 2.50, 28000, 70000),
('e5000000-0000-0000-0000-000000000014', 'a4000000-0000-0000-0000-000000000002', 'd5000000-0000-0000-0000-000000000007', 'c5000000-0000-0000-0000-000000000041', 'Backlog sizing and delivery planning — FinOps Savings Explorer', 2.50, 27500, 68750),
('e5000000-0000-0000-0000-000000000015', 'a4000000-0000-0000-0000-000000000002', 'd5000000-0000-0000-0000-000000000008', 'c5000000-0000-0000-0000-000000000045', 'Kickoff workshop and scope review — Disaster Recovery Drills', 2.50, 26500, 66250),
('e5000000-0000-0000-0000-000000000016', 'a4000000-0000-0000-0000-000000000002', 'd5000000-0000-0000-0000-000000000008', 'c5000000-0000-0000-0000-000000000038', 'API / UI integration work — Zero Trust Rollout', 4.00, 28500, 114000),
('e5000000-0000-0000-0000-000000000017', 'a4000000-0000-0000-0000-000000000003', 'd5000000-0000-0000-0000-000000000009', 'c5000000-0000-0000-0000-000000000049', 'Requirements alignment with stakeholders — Patient App Revamp', 2.50, 19000, 47500),
('e5000000-0000-0000-0000-000000000018', 'a4000000-0000-0000-0000-000000000003', 'd5000000-0000-0000-0000-000000000009', 'c5000000-0000-0000-0000-000000000053', 'Backlog sizing and delivery planning — Telemedicine Booking Portal', 2.50, 19500, 48750),
('e5000000-0000-0000-0000-000000000019', 'a4000000-0000-0000-0000-000000000003', 'd5000000-0000-0000-0000-000000000010', 'c5000000-0000-0000-0000-000000000057', 'Kickoff workshop and scope review — Insurance Claim Sync', 2.50, 18500, 46250),
('e5000000-0000-0000-0000-000000000020', 'a4000000-0000-0000-0000-000000000003', 'd5000000-0000-0000-0000-000000000010', 'c5000000-0000-0000-0000-000000000050', 'API / UI integration work — Patient App Revamp', 4.00, 19500, 78000),
('e5000000-0000-0000-0000-000000000021', 'a4000000-0000-0000-0000-000000000003', 'd5000000-0000-0000-0000-000000000011', 'c5000000-0000-0000-0000-000000000061', 'Requirements alignment with stakeholders — Nutrition Coach Dashboard', 2.50, 17500, 43750),
('e5000000-0000-0000-0000-000000000022', 'a4000000-0000-0000-0000-000000000003', 'd5000000-0000-0000-0000-000000000011', 'c5000000-0000-0000-0000-000000000065', 'Backlog sizing and delivery planning — Wearable Data Sync', 2.50, 17200, 43000),
('e5000000-0000-0000-0000-000000000023', 'a4000000-0000-0000-0000-000000000003', 'd5000000-0000-0000-0000-000000000012', 'c5000000-0000-0000-0000-000000000069', 'Kickoff workshop and scope review — Habit Challenge Engine', 2.50, 17000, 42500),
('e5000000-0000-0000-0000-000000000024', 'a4000000-0000-0000-0000-000000000003', 'd5000000-0000-0000-0000-000000000012', 'c5000000-0000-0000-0000-000000000062', 'API / UI integration work — Nutrition Coach Dashboard', 4.50, 18000, 81000),
('e5000000-0000-0000-0000-000000000025', 'a4000000-0000-0000-0000-000000000004', 'd5000000-0000-0000-0000-000000000013', 'c5000000-0000-0000-0000-000000000073', 'Requirements alignment with stakeholders — Executive Risk Dashboard', 2.50, 23000, 57500),
('e5000000-0000-0000-0000-000000000026', 'a4000000-0000-0000-0000-000000000004', 'd5000000-0000-0000-0000-000000000013', 'c5000000-0000-0000-0000-000000000077', 'Backlog sizing and delivery planning — Collections Workflow Automation', 2.50, 22800, 57000),
('e5000000-0000-0000-0000-000000000027', 'a4000000-0000-0000-0000-000000000004', 'd5000000-0000-0000-0000-000000000014', 'c5000000-0000-0000-0000-000000000081', 'Kickoff workshop and scope review — Loan Origination UI Refresh', 2.50, 22500, 56250),
('e5000000-0000-0000-0000-000000000028', 'a4000000-0000-0000-0000-000000000004', 'd5000000-0000-0000-0000-000000000014', 'c5000000-0000-0000-0000-000000000074', 'API / UI integration work — Executive Risk Dashboard', 4.00, 23500, 94000),
('e5000000-0000-0000-0000-000000000029', 'a4000000-0000-0000-0000-000000000004', 'd5000000-0000-0000-0000-000000000015', 'c5000000-0000-0000-0000-000000000085', 'Requirements alignment with stakeholders — Valuation Model Workbench', 2.50, 18200, 45500),
('e5000000-0000-0000-0000-000000000030', 'a4000000-0000-0000-0000-000000000004', 'd5000000-0000-0000-0000-000000000015', 'c5000000-0000-0000-0000-000000000089', 'Backlog sizing and delivery planning — Broker Deal Tracker', 2.50, 18000, 45000),
('e5000000-0000-0000-0000-000000000031', 'a4000000-0000-0000-0000-000000000004', 'd5000000-0000-0000-0000-000000000016', 'c5000000-0000-0000-0000-000000000093', 'Kickoff workshop and scope review — Investor Report Generator', 2.50, 17800, 44500),
('e5000000-0000-0000-0000-000000000032', 'a4000000-0000-0000-0000-000000000004', 'd5000000-0000-0000-0000-000000000016', 'c5000000-0000-0000-0000-000000000086', 'API / UI integration work — Valuation Model Workbench', 4.00, 18700, 74800),
('e5000000-0000-0000-0000-000000000033', 'a4000000-0000-0000-0000-000000000005', 'd5000000-0000-0000-0000-000000000017', 'c5000000-0000-0000-0000-000000000097', 'Requirements alignment with stakeholders — LMS Revamp', 2.50, 15500, 38750),
('e5000000-0000-0000-0000-000000000034', 'a4000000-0000-0000-0000-000000000005', 'd5000000-0000-0000-0000-000000000017', 'c5000000-0000-0000-0000-000000000101', 'Backlog sizing and delivery planning — Adaptive Quiz Engine', 2.50, 15800, 39500),
('e5000000-0000-0000-0000-000000000035', 'a4000000-0000-0000-0000-000000000005', 'd5000000-0000-0000-0000-000000000018', 'c5000000-0000-0000-0000-000000000105', 'Kickoff workshop and scope review — Teacher Portal', 2.50, 15000, 37500),
('e5000000-0000-0000-0000-000000000036', 'a4000000-0000-0000-0000-000000000005', 'd5000000-0000-0000-0000-000000000018', 'c5000000-0000-0000-0000-000000000098', 'API / UI integration work — LMS Revamp', 4.00, 16000, 64000),
('e5000000-0000-0000-0000-000000000037', 'a4000000-0000-0000-0000-000000000005', 'd5000000-0000-0000-0000-000000000019', 'c5000000-0000-0000-0000-000000000109', 'Requirements alignment with stakeholders — Creator Media Kit CMS', 2.50, 13800, 34500),
('e5000000-0000-0000-0000-000000000038', 'a4000000-0000-0000-0000-000000000005', 'd5000000-0000-0000-0000-000000000019', 'c5000000-0000-0000-0000-000000000113', 'Backlog sizing and delivery planning — Affiliate Revenue Reporting', 2.50, 13600, 34000),
('e5000000-0000-0000-0000-000000000039', 'a4000000-0000-0000-0000-000000000005', 'd5000000-0000-0000-0000-000000000020', 'c5000000-0000-0000-0000-000000000117', 'Kickoff workshop and scope review — Trip Planner Community Feed', 2.50, 13500, 33750),
('e5000000-0000-0000-0000-000000000040', 'a4000000-0000-0000-0000-000000000005', 'd5000000-0000-0000-0000-000000000020', 'c5000000-0000-0000-0000-000000000110', 'API / UI integration work — Creator Media Kit CMS', 4.50, 14300, 64350);

-- 12. INVOICE TIME ENTRIES
INSERT INTO invoice_time_entries (id, invoice_id, time_entry_id, invoice_item_id) VALUES
('f5000000-0000-0000-0000-000000000001', 'd5000000-0000-0000-0000-000000000001', 'c5000000-0000-0000-0000-000000000001', 'e5000000-0000-0000-0000-000000000001'),
('f5000000-0000-0000-0000-000000000002', 'd5000000-0000-0000-0000-000000000001', 'c5000000-0000-0000-0000-000000000005', 'e5000000-0000-0000-0000-000000000002'),
('f5000000-0000-0000-0000-000000000003', 'd5000000-0000-0000-0000-000000000002', 'c5000000-0000-0000-0000-000000000009', 'e5000000-0000-0000-0000-000000000003'),
('f5000000-0000-0000-0000-000000000004', 'd5000000-0000-0000-0000-000000000002', 'c5000000-0000-0000-0000-000000000002', 'e5000000-0000-0000-0000-000000000004'),
('f5000000-0000-0000-0000-000000000005', 'd5000000-0000-0000-0000-000000000003', 'c5000000-0000-0000-0000-000000000013', 'e5000000-0000-0000-0000-000000000005'),
('f5000000-0000-0000-0000-000000000006', 'd5000000-0000-0000-0000-000000000003', 'c5000000-0000-0000-0000-000000000017', 'e5000000-0000-0000-0000-000000000006'),
('f5000000-0000-0000-0000-000000000007', 'd5000000-0000-0000-0000-000000000004', 'c5000000-0000-0000-0000-000000000021', 'e5000000-0000-0000-0000-000000000007'),
('f5000000-0000-0000-0000-000000000008', 'd5000000-0000-0000-0000-000000000004', 'c5000000-0000-0000-0000-000000000014', 'e5000000-0000-0000-0000-000000000008'),
('f5000000-0000-0000-0000-000000000009', 'd5000000-0000-0000-0000-000000000005', 'c5000000-0000-0000-0000-000000000025', 'e5000000-0000-0000-0000-000000000009'),
('f5000000-0000-0000-0000-000000000010', 'd5000000-0000-0000-0000-000000000005', 'c5000000-0000-0000-0000-000000000029', 'e5000000-0000-0000-0000-000000000010'),
('f5000000-0000-0000-0000-000000000011', 'd5000000-0000-0000-0000-000000000006', 'c5000000-0000-0000-0000-000000000033', 'e5000000-0000-0000-0000-000000000011'),
('f5000000-0000-0000-0000-000000000012', 'd5000000-0000-0000-0000-000000000006', 'c5000000-0000-0000-0000-000000000026', 'e5000000-0000-0000-0000-000000000012'),
('f5000000-0000-0000-0000-000000000013', 'd5000000-0000-0000-0000-000000000007', 'c5000000-0000-0000-0000-000000000037', 'e5000000-0000-0000-0000-000000000013'),
('f5000000-0000-0000-0000-000000000014', 'd5000000-0000-0000-0000-000000000007', 'c5000000-0000-0000-0000-000000000041', 'e5000000-0000-0000-0000-000000000014'),
('f5000000-0000-0000-0000-000000000015', 'd5000000-0000-0000-0000-000000000008', 'c5000000-0000-0000-0000-000000000045', 'e5000000-0000-0000-0000-000000000015'),
('f5000000-0000-0000-0000-000000000016', 'd5000000-0000-0000-0000-000000000008', 'c5000000-0000-0000-0000-000000000038', 'e5000000-0000-0000-0000-000000000016'),
('f5000000-0000-0000-0000-000000000017', 'd5000000-0000-0000-0000-000000000009', 'c5000000-0000-0000-0000-000000000049', 'e5000000-0000-0000-0000-000000000017'),
('f5000000-0000-0000-0000-000000000018', 'd5000000-0000-0000-0000-000000000009', 'c5000000-0000-0000-0000-000000000053', 'e5000000-0000-0000-0000-000000000018'),
('f5000000-0000-0000-0000-000000000019', 'd5000000-0000-0000-0000-000000000010', 'c5000000-0000-0000-0000-000000000057', 'e5000000-0000-0000-0000-000000000019'),
('f5000000-0000-0000-0000-000000000020', 'd5000000-0000-0000-0000-000000000010', 'c5000000-0000-0000-0000-000000000050', 'e5000000-0000-0000-0000-000000000020'),
('f5000000-0000-0000-0000-000000000021', 'd5000000-0000-0000-0000-000000000011', 'c5000000-0000-0000-0000-000000000061', 'e5000000-0000-0000-0000-000000000021'),
('f5000000-0000-0000-0000-000000000022', 'd5000000-0000-0000-0000-000000000011', 'c5000000-0000-0000-0000-000000000065', 'e5000000-0000-0000-0000-000000000022'),
('f5000000-0000-0000-0000-000000000023', 'd5000000-0000-0000-0000-000000000012', 'c5000000-0000-0000-0000-000000000069', 'e5000000-0000-0000-0000-000000000023'),
('f5000000-0000-0000-0000-000000000024', 'd5000000-0000-0000-0000-000000000012', 'c5000000-0000-0000-0000-000000000062', 'e5000000-0000-0000-0000-000000000024'),
('f5000000-0000-0000-0000-000000000025', 'd5000000-0000-0000-0000-000000000013', 'c5000000-0000-0000-0000-000000000073', 'e5000000-0000-0000-0000-000000000025'),
('f5000000-0000-0000-0000-000000000026', 'd5000000-0000-0000-0000-000000000013', 'c5000000-0000-0000-0000-000000000077', 'e5000000-0000-0000-0000-000000000026'),
('f5000000-0000-0000-0000-000000000027', 'd5000000-0000-0000-0000-000000000014', 'c5000000-0000-0000-0000-000000000081', 'e5000000-0000-0000-0000-000000000027'),
('f5000000-0000-0000-0000-000000000028', 'd5000000-0000-0000-0000-000000000014', 'c5000000-0000-0000-0000-000000000074', 'e5000000-0000-0000-0000-000000000028'),
('f5000000-0000-0000-0000-000000000029', 'd5000000-0000-0000-0000-000000000015', 'c5000000-0000-0000-0000-000000000085', 'e5000000-0000-0000-0000-000000000029'),
('f5000000-0000-0000-0000-000000000030', 'd5000000-0000-0000-0000-000000000015', 'c5000000-0000-0000-0000-000000000089', 'e5000000-0000-0000-0000-000000000030'),
('f5000000-0000-0000-0000-000000000031', 'd5000000-0000-0000-0000-000000000016', 'c5000000-0000-0000-0000-000000000093', 'e5000000-0000-0000-0000-000000000031'),
('f5000000-0000-0000-0000-000000000032', 'd5000000-0000-0000-0000-000000000016', 'c5000000-0000-0000-0000-000000000086', 'e5000000-0000-0000-0000-000000000032'),
('f5000000-0000-0000-0000-000000000033', 'd5000000-0000-0000-0000-000000000017', 'c5000000-0000-0000-0000-000000000097', 'e5000000-0000-0000-0000-000000000033'),
('f5000000-0000-0000-0000-000000000034', 'd5000000-0000-0000-0000-000000000017', 'c5000000-0000-0000-0000-000000000101', 'e5000000-0000-0000-0000-000000000034'),
('f5000000-0000-0000-0000-000000000035', 'd5000000-0000-0000-0000-000000000018', 'c5000000-0000-0000-0000-000000000105', 'e5000000-0000-0000-0000-000000000035'),
('f5000000-0000-0000-0000-000000000036', 'd5000000-0000-0000-0000-000000000018', 'c5000000-0000-0000-0000-000000000098', 'e5000000-0000-0000-0000-000000000036'),
('f5000000-0000-0000-0000-000000000037', 'd5000000-0000-0000-0000-000000000019', 'c5000000-0000-0000-0000-000000000109', 'e5000000-0000-0000-0000-000000000037'),
('f5000000-0000-0000-0000-000000000038', 'd5000000-0000-0000-0000-000000000019', 'c5000000-0000-0000-0000-000000000113', 'e5000000-0000-0000-0000-000000000038'),
('f5000000-0000-0000-0000-000000000039', 'd5000000-0000-0000-0000-000000000020', 'c5000000-0000-0000-0000-000000000117', 'e5000000-0000-0000-0000-000000000039'),
('f5000000-0000-0000-0000-000000000040', 'd5000000-0000-0000-0000-000000000020', 'c5000000-0000-0000-0000-000000000110', 'e5000000-0000-0000-0000-000000000040');

-- 13. INVITES
INSERT INTO invites (id, team_id, email, role, token, expires_at, accepted_at, created_at) VALUES
('a6000000-0000-0000-0000-000000000001', 'a4000000-0000-0000-0000-000000000001', 'invite11@freelancehub.dev', 'MEMBER', 'tok_bw_001_invite11', NOW() + INTERVAL '4 days', NULL, NOW() - INTERVAL '8 days'),
('a6000000-0000-0000-0000-000000000002', 'a4000000-0000-0000-0000-000000000001', 'invite12@consultmix.io', 'VIEWER', 'tok_bw_002_invite12', NOW() - INTERVAL '5 days', NULL, NOW() - INTERVAL '9 days'),
('a6000000-0000-0000-0000-000000000003', 'a4000000-0000-0000-0000-000000000002', 'invite21@consultmix.io', 'MEMBER', 'tok_at_003_invite21', NOW() + INTERVAL '5 days', NULL, NOW() - INTERVAL '10 days'),
('a6000000-0000-0000-0000-000000000004', 'a4000000-0000-0000-0000-000000000002', 'invite22@talentgrid.co', 'VIEWER', 'tok_at_004_invite22', NOW() - INTERVAL '6 days', NULL, NOW() - INTERVAL '11 days'),
('a6000000-0000-0000-0000-000000000005', 'a4000000-0000-0000-0000-000000000003', 'invite31@talentgrid.co', 'MEMBER', 'tok_mf_005_invite31', NOW() + INTERVAL '6 days', NULL, NOW() - INTERVAL '12 days'),
('a6000000-0000-0000-0000-000000000006', 'a4000000-0000-0000-0000-000000000003', 'invite32@studioflow.app', 'VIEWER', 'tok_mf_006_invite32', NOW() - INTERVAL '7 days', NULL, NOW() - INTERVAL '13 days'),
('a6000000-0000-0000-0000-000000000007', 'a4000000-0000-0000-0000-000000000004', 'invite41@studioflow.app', 'MEMBER', 'tok_ll_007_invite41', NOW() + INTERVAL '7 days', NULL, NOW() - INTERVAL '14 days'),
('a6000000-0000-0000-0000-000000000008', 'a4000000-0000-0000-0000-000000000004', 'invite42@clientview.net', 'VIEWER', 'tok_ll_008_invite42', NOW() - INTERVAL '8 days', NULL, NOW() - INTERVAL '15 days'),
('a6000000-0000-0000-0000-000000000009', 'a4000000-0000-0000-0000-000000000005', 'invite51@clientview.net', 'MEMBER', 'tok_au_009_invite51', NOW() + INTERVAL '8 days', NULL, NOW() - INTERVAL '16 days'),
('a6000000-0000-0000-0000-000000000010', 'a4000000-0000-0000-0000-000000000005', 'invite52@freelancehub.dev', 'VIEWER', 'tok_au_010_invite52', NOW() - INTERVAL '9 days', NULL, NOW() - INTERVAL '17 days');

-- 14. SESSIONS
INSERT INTO sessions (id, user_id, expires_at, created_at) VALUES
('sess_u01_primary_1001', 'b4000000-0000-0000-0000-000000000001', NOW() + INTERVAL '6 days', NOW() - INTERVAL '2 days'),
('sess_u02_primary_1002', 'b4000000-0000-0000-0000-000000000002', NOW() + INTERVAL '7 days', NOW() - INTERVAL '3 days'),
('sess_u03_primary_1003', 'b4000000-0000-0000-0000-000000000003', NOW() + INTERVAL '8 days', NOW() - INTERVAL '4 days'),
('sess_u04_primary_1004', 'b4000000-0000-0000-0000-000000000004', NOW() + INTERVAL '5 days', NOW() - INTERVAL '5 days'),
('sess_u04_mobile_2004', 'b4000000-0000-0000-0000-000000000004', NOW() + INTERVAL '3 days', NOW() - INTERVAL '6 hours'),
('sess_u05_primary_1005', 'b4000000-0000-0000-0000-000000000005', NOW() - INTERVAL '4 days', NOW() - INTERVAL '6 days'),
('sess_u06_primary_1006', 'b4000000-0000-0000-0000-000000000006', NOW() + INTERVAL '7 days', NOW() - INTERVAL '7 days'),
('sess_u07_primary_1007', 'b4000000-0000-0000-0000-000000000007', NOW() + INTERVAL '8 days', NOW() - INTERVAL '1 days'),
('sess_u08_primary_1008', 'b4000000-0000-0000-0000-000000000008', NOW() + INTERVAL '5 days', NOW() - INTERVAL '2 days'),
('sess_u08_mobile_2008', 'b4000000-0000-0000-0000-000000000008', NOW() + INTERVAL '4 days', NOW() - INTERVAL '10 hours'),
('sess_u09_primary_1009', 'b4000000-0000-0000-0000-000000000009', NOW() + INTERVAL '6 days', NOW() - INTERVAL '3 days'),
('sess_u10_primary_1010', 'b4000000-0000-0000-0000-000000000010', NOW() - INTERVAL '3 days', NOW() - INTERVAL '4 days'),
('sess_u11_primary_1011', 'b4000000-0000-0000-0000-000000000011', NOW() + INTERVAL '8 days', NOW() - INTERVAL '5 days'),
('sess_u12_primary_1012', 'b4000000-0000-0000-0000-000000000012', NOW() + INTERVAL '5 days', NOW() - INTERVAL '6 days'),
('sess_u12_mobile_2012', 'b4000000-0000-0000-0000-000000000012', NOW() + INTERVAL '2 days', NOW() - INTERVAL '2 hours'),
('sess_u13_primary_1013', 'b4000000-0000-0000-0000-000000000013', NOW() + INTERVAL '6 days', NOW() - INTERVAL '7 days'),
('sess_u14_primary_1014', 'b4000000-0000-0000-0000-000000000014', NOW() + INTERVAL '7 days', NOW() - INTERVAL '1 days'),
('sess_u15_primary_1015', 'b4000000-0000-0000-0000-000000000015', NOW() - INTERVAL '2 days', NOW() - INTERVAL '2 days'),
('sess_u16_primary_1016', 'b4000000-0000-0000-0000-000000000016', NOW() + INTERVAL '5 days', NOW() - INTERVAL '3 days'),
('sess_u16_mobile_2016', 'b4000000-0000-0000-0000-000000000016', NOW() + INTERVAL '3 days', NOW() - INTERVAL '6 hours'),
('sess_u17_primary_1017', 'b4000000-0000-0000-0000-000000000017', NOW() + INTERVAL '6 days', NOW() - INTERVAL '4 days'),
('sess_u18_primary_1018', 'b4000000-0000-0000-0000-000000000018', NOW() + INTERVAL '7 days', NOW() - INTERVAL '5 days'),
('sess_u19_primary_1019', 'b4000000-0000-0000-0000-000000000019', NOW() + INTERVAL '8 days', NOW() - INTERVAL '6 days'),
('sess_u20_primary_1020', 'b4000000-0000-0000-0000-000000000020', NOW() - INTERVAL '4 days', NOW() - INTERVAL '7 days'),
('sess_u20_mobile_2020', 'b4000000-0000-0000-0000-000000000020', NOW() + INTERVAL '4 days', NOW() - INTERVAL '10 hours'),
('sess_u21_primary_1021', 'b4000000-0000-0000-0000-000000000021', NOW() + INTERVAL '6 days', NOW() - INTERVAL '1 days'),
('sess_u22_primary_1022', 'b4000000-0000-0000-0000-000000000022', NOW() + INTERVAL '7 days', NOW() - INTERVAL '2 days'),
('sess_u23_primary_1023', 'b4000000-0000-0000-0000-000000000023', NOW() + INTERVAL '8 days', NOW() - INTERVAL '3 days'),
('sess_u24_primary_1024', 'b4000000-0000-0000-0000-000000000024', NOW() + INTERVAL '5 days', NOW() - INTERVAL '4 days'),
('sess_u24_mobile_2024', 'b4000000-0000-0000-0000-000000000024', NOW() + INTERVAL '2 days', NOW() - INTERVAL '2 hours');

COMMIT;